M	.vs/Drilling/CopilotIndices/17.14.1681.23550/CodeChunks.db
M	.vs/Drilling/CopilotIndices/17.14.1681.23550/SemanticSymbols.db
M	.vs/Drilling/DesignTimeBuild/.dtbcache.v2
A	.vs/Drilling/FileContentIndex/04ed976a-0806-49c4-80c5-9bc59e751510.vsidx
R079	.vs/Drilling/FileContentIndex/3dac94f7-fb26-4395-add2-01bccf979794.vsidx	.vs/Drilling/FileContentIndex/1a22fa90-96a7-415c-9bd4-8ca61acdd03f.vsidx
D	.vs/Drilling/FileContentIndex/1a33d18a-82ff-4fdc-a214-26fde8888baf.vsidx
A	.vs/Drilling/FileContentIndex/43e32218-165a-45e0-9cf2-2525287e6938.vsidx
D	.vs/Drilling/FileContentIndex/8aebc5da-de35-4c51-a738-e380ec38bd7e.vsidx
A	.vs/Drilling/FileContentIndex/950b17eb-53d2-4e95-9a70-21c92608a609.vsidx
D	.vs/Drilling/FileContentIndex/e4c0d48b-5dea-4943-b114-59b3485158d2.vsidx
A	.vs/Drilling/FileContentIndex/e7e16a13-477e-45c7-aaf0-156e9793e4f6.vsidx
M	.vs/Drilling/v17/.futdcache.v2
M	.vs/Drilling/v17/.suo
M	.vs/ProjectEvaluation/drilling.metadata.v9.bin
M	.vs/ProjectEvaluation/drilling.projects.v9.bin
M	.vs/ProjectEvaluation/drilling.strings.v9.bin
D	Data/BuildCheck/RecipeSelect/ACS.SPiiPlusNET7.dll
D	Data/BuildCheck/RecipeSelect/Aerotech.Automation1.Communication.dll
D	Data/BuildCheck/RecipeSelect/Aerotech.Automation1.DotNet.dll
D	Data/BuildCheck/RecipeSelect/Aerotech.Automation1.DotNet.xml
D	Data/BuildCheck/RecipeSelect/Automation1Compiler.dll
D	Data/BuildCheck/RecipeSelect/Automation1Compiler64.dll
D	Data/BuildCheck/RecipeSelect/CmdLib.dll
D	Data/BuildCheck/RecipeSelect/CmdLib8742.dll
D	Data/BuildCheck/RecipeSelect/DeviceIOLib.dll
D	Data/BuildCheck/RecipeSelect/Drilling.Common.deps.json
D	Data/BuildCheck/RecipeSelect/Drilling.Common.dll
D	Data/BuildCheck/RecipeSelect/Drilling.Common.pdb
D	Data/BuildCheck/RecipeSelect/Drilling.File.deps.json
D	Data/BuildCheck/RecipeSelect/Drilling.File.dll
D	Data/BuildCheck/RecipeSelect/Drilling.File.pdb
D	Data/BuildCheck/RecipeSelect/Drilling.UI.deps.json
D	Data/BuildCheck/RecipeSelect/Drilling.UI.dll
D	Data/BuildCheck/RecipeSelect/Drilling.UI.exe
D	Data/BuildCheck/RecipeSelect/Drilling.UI.pdb
D	Data/BuildCheck/RecipeSelect/Drilling.UI.runtimeconfig.json
D	Data/BuildCheck/RecipeSelect/Newport.XPS.CommandInterface.dll
D	Data/BuildCheck/RecipeSelect/NpEthernet.dll
D	Data/BuildCheck/RecipeSelect/NpSerial.dll
D	Data/BuildCheck/RecipeSelect/System.IO.Ports.dll
D	Data/BuildCheck/RecipeSelect/UsbDllWrap.dll
D	Data/BuildCheck/RecipeSelect/runtimes/linux-arm/native/libSystem.IO.Ports.Native.so
D	Data/BuildCheck/RecipeSelect/runtimes/linux-arm64/native/libSystem.IO.Ports.Native.so
D	Data/BuildCheck/RecipeSelect/runtimes/linux-x64/native/libSystem.IO.Ports.Native.so
D	Data/BuildCheck/RecipeSelect/runtimes/osx-arm64/native/libSystem.IO.Ports.Native.dylib
D	Data/BuildCheck/RecipeSelect/runtimes/osx-x64/native/libSystem.IO.Ports.Native.dylib
D	Data/BuildCheck/RecipeSelect/runtimes/unix/lib/net8.0/System.IO.Ports.dll
D	Data/BuildCheck/RecipeSelect/runtimes/win/lib/net8.0/System.IO.Ports.dll
M	Data/Product/ActiveProduct.csv
D	Data/Product/History/20260917/ProductHistory_20260917.csv
A	Data/Product/History/20260921/ProductHistory_20260921.csv
A	Data/Product/History/20260929/ProductHistory_20260929.csv
A	Data/Product/History/20260930/ProductHistory_20260930.csv
A	Data/Product/History/20261001/ProductHistory_20261001.csv
A	Data/Product/History/20261006/ProductHistory_20261006.csv
A	Data/Product/History/20261007/ProductHistory_20261007.csv
A	Data/ReviewResult/20261006/SIM_20261006_111200875/P2P/ReviewResult_ROUGH_HEAD_FIRST_111231.csv
D	Data/Script/BufferedRun/20260825_174827_891_b110ba5ac65648bdbef22ba036ec73c9/PROCESS.txt
D	Data/Script/BufferedRun/20260825_174827_891_b110ba5ac65648bdbef22ba036ec73c9/PROCESS_COORDINATES.csv
D	Data/Script/BufferedRun/20260825_174827_891_b110ba5ac65648bdbef22ba036ec73c9/PROCESS_H01.ascript
D	Data/Script/BufferedRun/20260825_174827_891_b110ba5ac65648bdbef22ba036ec73c9/PROCESS_H02.ascript
D	Data/Script/BufferedRun/20260825_174827_891_b110ba5ac65648bdbef22ba036ec73c9/PROCESS_H03.ascript
D	Data/Script/BufferedRun/20260825_174827_891_b110ba5ac65648bdbef22ba036ec73c9/PROCESS_H04.ascript
D	Data/Script/BufferedRun/20260825_174827_891_b110ba5ac65648bdbef22ba036ec73c9/PROCESS_H05.ascript
D	Data/Script/BufferedRun/20260825_174827_891_b110ba5ac65648bdbef22ba036ec73c9/PROCESS_H06.ascript
D	Data/Script/BufferedRun/20260825_174827_891_b110ba5ac65648bdbef22ba036ec73c9/PROCESS_H07.ascript
D	Data/Script/BufferedRun/20260825_175618_470_2abd74c806ec4303a521bbbed29efeb3/PROCESS.txt
D	Data/Script/BufferedRun/20260825_175618_470_2abd74c806ec4303a521bbbed29efeb3/PROCESS_COORDINATES.csv
D	Data/Script/BufferedRun/20260825_175618_470_2abd74c806ec4303a521bbbed29efeb3/PROCESS_H01.ascript
D	Data/Script/BufferedRun/20260825_175618_470_2abd74c806ec4303a521bbbed29efeb3/PROCESS_H02.ascript
D	Data/Script/BufferedRun/20260825_175618_470_2abd74c806ec4303a521bbbed29efeb3/PROCESS_H03.ascript
D	Data/Script/BufferedRun/20260825_175618_470_2abd74c806ec4303a521bbbed29efeb3/PROCESS_H04.ascript
D	Data/Script/BufferedRun/20260825_175618_470_2abd74c806ec4303a521bbbed29efeb3/PROCESS_H05.ascript
D	Data/Script/BufferedRun/20260825_175618_470_2abd74c806ec4303a521bbbed29efeb3/PROCESS_H06.ascript
D	Data/Script/BufferedRun/20260825_175618_470_2abd74c806ec4303a521bbbed29efeb3/PROCESS_H07.ascript
D	Data/Script/BufferedRun/20260825_175845_653_52dcd6fe73fb496c865724370b332b4e/PROCESS.txt
D	Data/Script/BufferedRun/20260825_175845_653_52dcd6fe73fb496c865724370b332b4e/PROCESS_COORDINATES.csv
D	Data/Script/BufferedRun/20260825_175845_653_52dcd6fe73fb496c865724370b332b4e/PROCESS_H01.ascript
D	Data/Script/BufferedRun/20260825_175845_653_52dcd6fe73fb496c865724370b332b4e/PROCESS_H02.ascript
D	Data/Script/BufferedRun/20260825_175845_653_52dcd6fe73fb496c865724370b332b4e/PROCESS_H03.ascript
D	Data/Script/BufferedRun/20260825_175845_653_52dcd6fe73fb496c865724370b332b4e/PROCESS_H04.ascript
D	Data/Script/BufferedRun/20260825_175845_653_52dcd6fe73fb496c865724370b332b4e/PROCESS_H05.ascript
D	Data/Script/BufferedRun/20260825_175845_653_52dcd6fe73fb496c865724370b332b4e/PROCESS_H06.ascript
D	Data/Script/BufferedRun/20260825_175845_653_52dcd6fe73fb496c865724370b332b4e/PROCESS_H07.ascript
D	Data/Script/BufferedRun/20260825_175953_080_b7c1972fe8b84cadab7ab831446639d1/PROCESS.txt
D	Data/Script/BufferedRun/20260825_175953_080_b7c1972fe8b84cadab7ab831446639d1/PROCESS_COORDINATES.csv
D	Data/Script/BufferedRun/20260825_175953_080_b7c1972fe8b84cadab7ab831446639d1/PROCESS_H01.ascript
D	Data/Script/BufferedRun/20260825_175953_080_b7c1972fe8b84cadab7ab831446639d1/PROCESS_H02.ascript
D	Data/Script/BufferedRun/20260825_175953_080_b7c1972fe8b84cadab7ab831446639d1/PROCESS_H03.ascript
D	Data/Script/BufferedRun/20260825_175953_080_b7c1972fe8b84cadab7ab831446639d1/PROCESS_H04.ascript
D	Data/Script/BufferedRun/20260825_175953_080_b7c1972fe8b84cadab7ab831446639d1/PROCESS_H05.ascript
D	Data/Script/BufferedRun/20260825_175953_080_b7c1972fe8b84cadab7ab831446639d1/PROCESS_H06.ascript
D	Data/Script/BufferedRun/20260825_175953_080_b7c1972fe8b84cadab7ab831446639d1/PROCESS_H07.ascript
D	Data/Script/BufferedRun/20260825_180035_738_057a7f7a0db84ed1bcc049cb969a6172/PROCESS.txt
D	Data/Script/BufferedRun/20260825_180035_738_057a7f7a0db84ed1bcc049cb969a6172/PROCESS_COORDINATES.csv
D	Data/Script/BufferedRun/20260825_180035_738_057a7f7a0db84ed1bcc049cb969a6172/PROCESS_H01.ascript
D	Data/Script/BufferedRun/20260825_180035_738_057a7f7a0db84ed1bcc049cb969a6172/PROCESS_H02.ascript
D	Data/Script/BufferedRun/20260825_180035_738_057a7f7a0db84ed1bcc049cb969a6172/PROCESS_H03.ascript
D	Data/Script/BufferedRun/20260825_180035_738_057a7f7a0db84ed1bcc049cb969a6172/PROCESS_H04.ascript
D	Data/Script/BufferedRun/20260825_180035_738_057a7f7a0db84ed1bcc049cb969a6172/PROCESS_H05.ascript
D	Data/Script/BufferedRun/20260825_180035_738_057a7f7a0db84ed1bcc049cb969a6172/PROCESS_H06.ascript
D	Data/Script/BufferedRun/20260825_180035_738_057a7f7a0db84ed1bcc049cb969a6172/PROCESS_H07.ascript
D	Data/Script/BufferedRun/20260908_175346_420_ae30201e96524999a2c5246fa28f3859/PROCESS.txt
D	Data/Script/BufferedRun/20260908_175346_420_ae30201e96524999a2c5246fa28f3859/PROCESS_COORDINATES.csv
D	Data/Script/BufferedRun/20260908_175346_420_ae30201e96524999a2c5246fa28f3859/PROCESS_H01.ascript
D	Data/Script/BufferedRun/20260908_175346_420_ae30201e96524999a2c5246fa28f3859/PROCESS_H02.ascript
D	Data/Script/BufferedRun/20260908_175346_420_ae30201e96524999a2c5246fa28f3859/PROCESS_H03.ascript
D	Data/Script/BufferedRun/20260908_175346_420_ae30201e96524999a2c5246fa28f3859/PROCESS_H04.ascript
D	Data/Script/BufferedRun/20260908_175346_420_ae30201e96524999a2c5246fa28f3859/PROCESS_H05.ascript
D	Data/Script/BufferedRun/20260908_175346_420_ae30201e96524999a2c5246fa28f3859/PROCESS_H06.ascript
D	Data/Script/BufferedRun/20260909_100441_744_59d277271baf49e4b0148ff4769c148e/PROCESS.txt
D	Data/Script/BufferedRun/20260909_100441_744_59d277271baf49e4b0148ff4769c148e/PROCESS_COORDINATES.csv
D	Data/Script/BufferedRun/20260909_100441_744_59d277271baf49e4b0148ff4769c148e/PROCESS_H01.ascript
D	Data/Script/BufferedRun/20260909_100441_744_59d277271baf49e4b0148ff4769c148e/PROCESS_H03.ascript
D	Data/Script/BufferedRun/20260909_100441_744_59d277271baf49e4b0148ff4769c148e/PROCESS_H04.ascript
D	Data/Script/BufferedRun/20260909_100441_744_59d277271baf49e4b0148ff4769c148e/PROCESS_H05.ascript
D	Data/Script/BufferedRun/20260909_100441_744_59d277271baf49e4b0148ff4769c148e/PROCESS_H08.ascript
D	Data/Script/BufferedRun/PROCESS.txt
D	Data/Script/BufferedRun/PROCESS_H01.ascript
D	Data/Script/BufferedRun/PROCESS_H02.ascript
D	Data/Script/BufferedRun/PROCESS_H03.ascript
D	Data/Script/BufferedRun/PROCESS_H04.ascript
D	Data/Script/BufferedRun/PROCESS_H05.ascript
D	Data/Script/BufferedRun/PROCESS_H06.ascript
D	Data/Script/BufferedRun/PROCESS_H07.ascript
D	Data/Script/BufferedRun/PROCESS_H08.ascript
D	Data/Script/Standard/20260901_150627_697_862bd695025a406abadb5ea29a1b7d1e/PROCESS.txt
D	Data/Script/Standard/20260901_150627_697_862bd695025a406abadb5ea29a1b7d1e/PROCESS_COORDINATES.csv
D	Data/Script/Standard/20260901_150627_697_862bd695025a406abadb5ea29a1b7d1e/PROCESS_H01.ascript
D	Data/Script/Standard/20260901_150627_697_862bd695025a406abadb5ea29a1b7d1e/PROCESS_H02.ascript
D	Data/Script/Standard/20260901_150627_697_862bd695025a406abadb5ea29a1b7d1e/PROCESS_H03.ascript
D	Data/Script/Standard/20260901_150627_697_862bd695025a406abadb5ea29a1b7d1e/PROCESS_H04.ascript
D	Data/Script/Standard/20260901_150627_697_862bd695025a406abadb5ea29a1b7d1e/PROCESS_H05.ascript
D	Data/Script/Standard/20260901_150627_697_862bd695025a406abadb5ea29a1b7d1e/PROCESS_H06.ascript
D	Data/Script/Standard/20260901_150627_697_862bd695025a406abadb5ea29a1b7d1e/PROCESS_H07.ascript
D	Data/Script/Standard/20260901_150627_697_862bd695025a406abadb5ea29a1b7d1e/PROCESS_H08.ascript
D	Data/Script/Standard/20260901_165221_367_5054daf89b0f40848e9307827897ed71/PROCESS.txt
D	Data/Script/Standard/20260901_165221_367_5054daf89b0f40848e9307827897ed71/PROCESS_COORDINATES.csv
D	Data/Script/Standard/20260901_165221_367_5054daf89b0f40848e9307827897ed71/PROCESS_H01.ascript
D	Data/Script/Standard/20260901_165221_367_5054daf89b0f40848e9307827897ed71/PROCESS_H02.ascript
D	Data/Script/Standard/20260901_165221_367_5054daf89b0f40848e9307827897ed71/PROCESS_H03.ascript
D	Data/Script/Standard/20260901_165221_367_5054daf89b0f40848e9307827897ed71/PROCESS_H04.ascript
D	Data/Script/Standard/20260901_165221_367_5054daf89b0f40848e9307827897ed71/PROCESS_H05.ascript
D	Data/Script/Standard/20260901_165221_367_5054daf89b0f40848e9307827897ed71/PROCESS_H06.ascript
D	Data/Script/Standard/20260901_165221_367_5054daf89b0f40848e9307827897ed71/PROCESS_H07.ascript
D	Data/Script/Standard/20260901_165221_367_5054daf89b0f40848e9307827897ed71/PROCESS_H08.ascript
D	Data/Script/Standard/20260901_170242_557_43be30ef1ee443ee87e91596ed079827/PROCESS.txt
D	Data/Script/Standard/20260901_170242_557_43be30ef1ee443ee87e91596ed079827/PROCESS_COORDINATES.csv
D	Data/Script/Standard/20260901_170242_557_43be30ef1ee443ee87e91596ed079827/PROCESS_H01.ascript
D	Data/Script/Standard/20260901_170242_557_43be30ef1ee443ee87e91596ed079827/PROCESS_H02.ascript
D	Data/Script/Standard/20260901_170242_557_43be30ef1ee443ee87e91596ed079827/PROCESS_H03.ascript
D	Data/Script/Standard/20260901_170242_557_43be30ef1ee443ee87e91596ed079827/PROCESS_H04.ascript
D	Data/Script/Standard/20260901_170242_557_43be30ef1ee443ee87e91596ed079827/PROCESS_H05.ascript
D	Data/Script/Standard/20260901_170242_557_43be30ef1ee443ee87e91596ed079827/PROCESS_H06.ascript
D	Data/Script/Standard/20260901_170242_557_43be30ef1ee443ee87e91596ed079827/PROCESS_H07.ascript
D	Data/Script/Standard/20260901_170242_557_43be30ef1ee443ee87e91596ed079827/PROCESS_H08.ascript
D	Data/Script/Standard/20260901_172557_125_cb648fbf622141548519ac811dabc017/PROCESS.txt
D	Data/Script/Standard/20260901_172557_125_cb648fbf622141548519ac811dabc017/PROCESS_COORDINATES.csv
D	Data/Script/Standard/20260901_172557_125_cb648fbf622141548519ac811dabc017/PROCESS_H01.ascript
D	Data/Script/Standard/20260901_172557_125_cb648fbf622141548519ac811dabc017/PROCESS_H02.ascript
D	Data/Script/Standard/20260901_172557_125_cb648fbf622141548519ac811dabc017/PROCESS_H03.ascript
D	Data/Script/Standard/20260901_172557_125_cb648fbf622141548519ac811dabc017/PROCESS_H04.ascript
D	Data/Script/Standard/20260901_172557_125_cb648fbf622141548519ac811dabc017/PROCESS_H05.ascript
D	Data/Script/Standard/20260901_172557_125_cb648fbf622141548519ac811dabc017/PROCESS_H06.ascript
D	Data/Script/Standard/20260901_172557_125_cb648fbf622141548519ac811dabc017/PROCESS_H07.ascript
D	Data/Script/Standard/20260901_172557_125_cb648fbf622141548519ac811dabc017/PROCESS_H08.ascript
D	Data/Script/Standard/20260901_175017_578_32d517fa674b466c8c2e16042dd9d7ad/PROCESS.txt
D	Data/Script/Standard/20260901_175017_578_32d517fa674b466c8c2e16042dd9d7ad/PROCESS_COORDINATES.csv
D	Data/Script/Standard/20260901_175017_578_32d517fa674b466c8c2e16042dd9d7ad/PROCESS_H01.ascript
D	Data/Script/Standard/20260901_175017_578_32d517fa674b466c8c2e16042dd9d7ad/PROCESS_H02.ascript
D	Data/Script/Standard/20260901_175017_578_32d517fa674b466c8c2e16042dd9d7ad/PROCESS_H03.ascript
D	Data/Script/Standard/20260901_175017_578_32d517fa674b466c8c2e16042dd9d7ad/PROCESS_H04.ascript
D	Data/Script/Standard/20260901_175017_578_32d517fa674b466c8c2e16042dd9d7ad/PROCESS_H05.ascript
D	Data/Script/Standard/20260901_175017_578_32d517fa674b466c8c2e16042dd9d7ad/PROCESS_H06.ascript
D	Data/Script/Standard/20260901_175017_578_32d517fa674b466c8c2e16042dd9d7ad/PROCESS_H07.ascript
D	Data/Script/Standard/20260901_175017_578_32d517fa674b466c8c2e16042dd9d7ad/PROCESS_H08.ascript
D	Data/Script/Standard/20260901_175821_228_b5e6568a18744e92af28a668e2f6a6be/PROCESS.txt
D	Data/Script/Standard/20260901_175821_228_b5e6568a18744e92af28a668e2f6a6be/PROCESS_COORDINATES.csv
D	Data/Script/Standard/20260901_175821_228_b5e6568a18744e92af28a668e2f6a6be/PROCESS_H01.ascript
D	Data/Script/Standard/20260901_175821_228_b5e6568a18744e92af28a668e2f6a6be/PROCESS_H02.ascript
D	Data/Script/Standard/20260901_175821_228_b5e6568a18744e92af28a668e2f6a6be/PROCESS_H03.ascript
D	Data/Script/Standard/20260901_175821_228_b5e6568a18744e92af28a668e2f6a6be/PROCESS_H04.ascript
D	Data/Script/Standard/20260901_175821_228_b5e6568a18744e92af28a668e2f6a6be/PROCESS_H05.ascript
D	Data/Script/Standard/20260901_175821_228_b5e6568a18744e92af28a668e2f6a6be/PROCESS_H06.ascript
D	Data/Script/Standard/20260901_175821_228_b5e6568a18744e92af28a668e2f6a6be/PROCESS_H07.ascript
D	Data/Script/Standard/20260901_175821_228_b5e6568a18744e92af28a668e2f6a6be/PROCESS_H08.ascript
D	Data/Script/Standard/20260901_181758_406_d4ccce84b3f34ade9f00e896ea0879d6/PROCESS.txt
D	Data/Script/Standard/20260901_181758_406_d4ccce84b3f34ade9f00e896ea0879d6/PROCESS_COORDINATES.csv
D	Data/Script/Standard/20260901_181758_406_d4ccce84b3f34ade9f00e896ea0879d6/PROCESS_H01.ascript
D	Data/Script/Standard/20260901_181758_406_d4ccce84b3f34ade9f00e896ea0879d6/PROCESS_H02.ascript
D	Data/Script/Standard/20260901_181758_406_d4ccce84b3f34ade9f00e896ea0879d6/PROCESS_H03.ascript
D	Data/Script/Standard/20260901_181758_406_d4ccce84b3f34ade9f00e896ea0879d6/PROCESS_H04.ascript
D	Data/Script/Standard/20260901_181758_406_d4ccce84b3f34ade9f00e896ea0879d6/PROCESS_H05.ascript
D	Data/Script/Standard/20260901_181758_406_d4ccce84b3f34ade9f00e896ea0879d6/PROCESS_H06.ascript
D	Data/Script/Standard/20260901_181758_406_d4ccce84b3f34ade9f00e896ea0879d6/PROCESS_H07.ascript
D	Data/Script/Standard/20260901_181758_406_d4ccce84b3f34ade9f00e896ea0879d6/PROCESS_H08.ascript
D	Data/Script/Standard/20260901_183014_007_523c6017f33745408b1e55f28b87cda1/PROCESS.txt
D	Data/Script/Standard/20260901_183014_007_523c6017f33745408b1e55f28b87cda1/PROCESS_COORDINATES.csv
D	Data/Script/Standard/20260901_183014_007_523c6017f33745408b1e55f28b87cda1/PROCESS_H01.ascript
D	Data/Script/Standard/20260901_183014_007_523c6017f33745408b1e55f28b87cda1/PROCESS_H02.ascript
D	Data/Script/Standard/20260901_183014_007_523c6017f33745408b1e55f28b87cda1/PROCESS_H03.ascript
D	Data/Script/Standard/20260901_183014_007_523c6017f33745408b1e55f28b87cda1/PROCESS_H04.ascript
D	Data/Script/Standard/20260901_183014_007_523c6017f33745408b1e55f28b87cda1/PROCESS_H05.ascript
D	Data/Script/Standard/20260901_183014_007_523c6017f33745408b1e55f28b87cda1/PROCESS_H06.ascript
D	Data/Script/Standard/20260901_183014_007_523c6017f33745408b1e55f28b87cda1/PROCESS_H07.ascript
D	Data/Script/Standard/20260901_183014_007_523c6017f33745408b1e55f28b87cda1/PROCESS_H08.ascript
D	Data/Script/Standard/20260901_183234_173_8612a5eb43104daa92c9421b1f7b6758/PROCESS.txt
D	Data/Script/Standard/20260901_183234_173_8612a5eb43104daa92c9421b1f7b6758/PROCESS_COORDINATES.csv
D	Data/Script/Standard/20260901_183234_173_8612a5eb43104daa92c9421b1f7b6758/PROCESS_H01.ascript
D	Data/Script/Standard/20260901_183234_173_8612a5eb43104daa92c9421b1f7b6758/PROCESS_H02.ascript
D	Data/Script/Standard/20260901_183234_173_8612a5eb43104daa92c9421b1f7b6758/PROCESS_H03.ascript
D	Data/Script/Standard/20260901_183234_173_8612a5eb43104daa92c9421b1f7b6758/PROCESS_H04.ascript
D	Data/Script/Standard/20260901_183234_173_8612a5eb43104daa92c9421b1f7b6758/PROCESS_H05.ascript
D	Data/Script/Standard/20260901_183234_173_8612a5eb43104daa92c9421b1f7b6758/PROCESS_H06.ascript
D	Data/Script/Standard/20260901_183234_173_8612a5eb43104daa92c9421b1f7b6758/PROCESS_H07.ascript
D	Data/Script/Standard/20260901_183234_173_8612a5eb43104daa92c9421b1f7b6758/PROCESS_H08.ascript
D	Data/Script/Standard/20260901_184044_654_0d98c284a5554930ab7b0bf2c3405496/PROCESS.txt
D	Data/Script/Standard/20260901_184044_654_0d98c284a5554930ab7b0bf2c3405496/PROCESS_COORDINATES.csv
D	Data/Script/Standard/20260901_184044_654_0d98c284a5554930ab7b0bf2c3405496/PROCESS_H01.ascript
D	Data/Script/Standard/20260901_184044_654_0d98c284a5554930ab7b0bf2c3405496/PROCESS_H02.ascript
D	Data/Script/Standard/20260901_184044_654_0d98c284a5554930ab7b0bf2c3405496/PROCESS_H03.ascript
D	Data/Script/Standard/20260901_184044_654_0d98c284a5554930ab7b0bf2c3405496/PROCESS_H04.ascript
D	Data/Script/Standard/20260901_184044_654_0d98c284a5554930ab7b0bf2c3405496/PROCESS_H05.ascript
D	Data/Script/Standard/20260901_184044_654_0d98c284a5554930ab7b0bf2c3405496/PROCESS_H06.ascript
D	Data/Script/Standard/20260901_184044_654_0d98c284a5554930ab7b0bf2c3405496/PROCESS_H07.ascript
D	Data/Script/Standard/20260901_184044_654_0d98c284a5554930ab7b0bf2c3405496/PROCESS_H08.ascript
D	Data/Script/Standard/20260901_185715_912_8ca42b7e2e9b44d39018109468603433/PROCESS.txt
D	Data/Script/Standard/20260901_185715_912_8ca42b7e2e9b44d39018109468603433/PROCESS_COORDINATES.csv
D	Data/Script/Standard/20260901_185715_912_8ca42b7e2e9b44d39018109468603433/PROCESS_H01.ascript
D	Data/Script/Standard/20260901_185715_912_8ca42b7e2e9b44d39018109468603433/PROCESS_H02.ascript
D	Data/Script/Standard/20260901_185715_912_8ca42b7e2e9b44d39018109468603433/PROCESS_H03.ascript
D	Data/Script/Standard/20260901_185715_912_8ca42b7e2e9b44d39018109468603433/PROCESS_H04.ascript
D	Data/Script/Standard/20260901_185715_912_8ca42b7e2e9b44d39018109468603433/PROCESS_H05.ascript
D	Data/Script/Standard/20260901_185715_912_8ca42b7e2e9b44d39018109468603433/PROCESS_H06.ascript
D	Data/Script/Standard/20260901_185715_912_8ca42b7e2e9b44d39018109468603433/PROCESS_H07.ascript
D	Data/Script/Standard/20260901_185715_912_8ca42b7e2e9b44d39018109468603433/PROCESS_H08.ascript
D	Data/Script/Standard/20260903_100010_109_8b52e69d336c45558d197c36f43b9bc1/PROCESS.txt
D	Data/Script/Standard/20260903_100010_109_8b52e69d336c45558d197c36f43b9bc1/PROCESS_COORDINATES.csv
D	Data/Script/Standard/20260903_100010_109_8b52e69d336c45558d197c36f43b9bc1/PROCESS_H01.ascript
D	Data/Script/Standard/20260906_121722_300_b4e52c1eb9f94ebb8335a6472bfbd89e/PROCESS.txt
D	Data/Script/Standard/20260906_121722_300_b4e52c1eb9f94ebb8335a6472bfbd89e/PROCESS_COORDINATES.csv
D	Data/Script/Standard/20260906_121722_300_b4e52c1eb9f94ebb8335a6472bfbd89e/PROCESS_H01.ascript
D	Data/Script/Standard/20260906_121722_300_b4e52c1eb9f94ebb8335a6472bfbd89e/PROCESS_H02.ascript
D	Data/Script/Standard/20260906_121722_300_b4e52c1eb9f94ebb8335a6472bfbd89e/PROCESS_H03.ascript
D	Data/Script/Standard/20260906_121722_300_b4e52c1eb9f94ebb8335a6472bfbd89e/PROCESS_H04.ascript
D	Data/Script/Standard/20260906_121722_300_b4e52c1eb9f94ebb8335a6472bfbd89e/PROCESS_H05.ascript
D	Data/Script/Standard/20260906_121722_300_b4e52c1eb9f94ebb8335a6472bfbd89e/PROCESS_H06.ascript
D	Data/Script/Standard/20260906_121722_300_b4e52c1eb9f94ebb8335a6472bfbd89e/PROCESS_H07.ascript
D	Data/Script/Standard/20260906_121722_300_b4e52c1eb9f94ebb8335a6472bfbd89e/PROCESS_H08.ascript
D	Data/Script/Standard/20260906_121916_214_8da9a74c4c9d4b608c0502deb223ea17/PROCESS.txt
D	Data/Script/Standard/20260906_121916_214_8da9a74c4c9d4b608c0502deb223ea17/PROCESS_COORDINATES.csv
D	Data/Script/Standard/20260906_121916_214_8da9a74c4c9d4b608c0502deb223ea17/PROCESS_H01.ascript
D	Data/Script/Standard/20260906_121916_214_8da9a74c4c9d4b608c0502deb223ea17/PROCESS_H02.ascript
D	Data/Script/Standard/20260906_121916_214_8da9a74c4c9d4b608c0502deb223ea17/PROCESS_H03.ascript
D	Data/Script/Standard/20260906_121916_214_8da9a74c4c9d4b608c0502deb223ea17/PROCESS_H04.ascript
D	Data/Script/Standard/20260906_121916_214_8da9a74c4c9d4b608c0502deb223ea17/PROCESS_H05.ascript
D	Data/Script/Standard/20260906_121916_214_8da9a74c4c9d4b608c0502deb223ea17/PROCESS_H06.ascript
D	Data/Script/Standard/20260906_121916_214_8da9a74c4c9d4b608c0502deb223ea17/PROCESS_H07.ascript
D	Data/Script/Standard/20260906_121916_214_8da9a74c4c9d4b608c0502deb223ea17/PROCESS_H08.ascript
D	Data/Script/Standard/20260906_121916_214_8da9a74c4c9d4b608c0502deb223ea17/가공좌표_0906.zip
D	Data/Script/Standard/20260908_102859_484_88e600c414d343e99b59cc8854a2e5bd/PROCESS.txt
D	Data/Script/Standard/20260908_102859_484_88e600c414d343e99b59cc8854a2e5bd/PROCESS_COORDINATES.csv
D	Data/Script/Standard/20260908_102859_484_88e600c414d343e99b59cc8854a2e5bd/PROCESS_H01.ascript
D	Data/Script/Standard/20260908_102928_725_6d55f860d4b34c13993bc80c699e6994/PROCESS.txt
D	Data/Script/Standard/20260908_102928_725_6d55f860d4b34c13993bc80c699e6994/PROCESS_COORDINATES.csv
D	Data/Script/Standard/20260908_102928_725_6d55f860d4b34c13993bc80c699e6994/PROCESS_H01.ascript
D	Data/Script/Standard/20260908_103620_408_f3d85e2dd3664b8694e0d90fd5059140/PROCESS.txt
D	Data/Script/Standard/20260908_103620_408_f3d85e2dd3664b8694e0d90fd5059140/PROCESS_COORDINATES.csv
D	Data/Script/Standard/20260908_103620_408_f3d85e2dd3664b8694e0d90fd5059140/PROCESS_H01.ascript
D	Data/Script/Standard/20260908_104508_527_181c8dcf433a4f0b8930a2b803eea7da/PROCESS.txt
D	Data/Script/Standard/20260908_104508_527_181c8dcf433a4f0b8930a2b803eea7da/PROCESS_COORDINATES.csv
D	Data/Script/Standard/20260908_104508_527_181c8dcf433a4f0b8930a2b803eea7da/PROCESS_H01.ascript
D	Data/Script/Standard/20260908_104508_527_181c8dcf433a4f0b8930a2b803eea7da/PROCESS_H04.ascript
D	Data/Script/Standard/20260909_162922_587_e899b2d6ab4840b3bf2b7443a7e79462/PROCESS.txt
D	Data/Script/Standard/20260909_162922_587_e899b2d6ab4840b3bf2b7443a7e79462/PROCESS_COORDINATES.csv
D	Data/Script/Standard/20260909_162922_587_e899b2d6ab4840b3bf2b7443a7e79462/PROCESS_H01.ascript
D	Data/Script/Standard/20260909_162922_587_e899b2d6ab4840b3bf2b7443a7e79462/PROCESS_H04.ascript
D	Data/Script/Standard/20260909_180300_137_5ab402e2636f4932ba1ab528bcf5b9c3/PROCESS.txt
D	Data/Script/Standard/20260909_180300_137_5ab402e2636f4932ba1ab528bcf5b9c3/PROCESS_COORDINATES.csv
D	Data/Script/Standard/20260909_180300_137_5ab402e2636f4932ba1ab528bcf5b9c3/PROCESS_H01.ascript
D	Data/Script/Standard/20260909_180300_137_5ab402e2636f4932ba1ab528bcf5b9c3/PROCESS_H04.ascript
D	Data/Script/Standard/20260909_182852_936_aa95355a4be14446a21c70f82df31c78/PROCESS.txt
D	Data/Script/Standard/20260909_182852_936_aa95355a4be14446a21c70f82df31c78/PROCESS_COORDINATES.csv
D	Data/Script/Standard/20260909_182852_936_aa95355a4be14446a21c70f82df31c78/PROCESS_H01.ascript
D	Data/Script/Standard/20260909_182852_936_aa95355a4be14446a21c70f82df31c78/PROCESS_H04.ascript
D	Data/Script/Standard/20260914_144819_416_095c8757be254ef389c9aa98600cc05e/PROCESS.txt
D	Data/Script/Standard/20260914_144819_416_095c8757be254ef389c9aa98600cc05e/PROCESS_COORDINATES.csv
D	Data/Script/Standard/20260914_144819_416_095c8757be254ef389c9aa98600cc05e/PROCESS_H01.ascript
D	Data/Script/Standard/20260915_112720_667_eec17e2b0fb44ed5aa87fc58f0c2bc92/PROCESS.txt
D	Data/Script/Standard/20260915_112720_667_eec17e2b0fb44ed5aa87fc58f0c2bc92/PROCESS_COORDINATES.csv
D	Data/Script/Standard/20260915_112720_667_eec17e2b0fb44ed5aa87fc58f0c2bc92/PROCESS_H01.ascript
D	Data/Script/Standard/20260915_113802_706_3b988c58b01342c2a838e5814ca7b33e/PROCESS.txt
D	Data/Script/Standard/20260915_113802_706_3b988c58b01342c2a838e5814ca7b33e/PROCESS_COORDINATES.csv
D	Data/Script/Standard/20260915_123605_384_3c605187f3814415b63ba96b359372c2/PROCESS.txt
D	Data/Script/Standard/20260915_123605_384_3c605187f3814415b63ba96b359372c2/PROCESS_COORDINATES.csv
D	Data/Script/Standard/20260915_123614_749_9338f8e295734825b3c86fed1c3e89fa/PROCESS.txt
D	Data/Script/Standard/20260915_123614_749_9338f8e295734825b3c86fed1c3e89fa/PROCESS_COORDINATES.csv
D	Data/Script/Standard/20260916_155029_178_49ae2672f20f43ae980de62759777b6a/PROCESS.txt
D	Data/Script/Standard/20260916_155029_178_49ae2672f20f43ae980de62759777b6a/PROCESS_COORDINATES.csv
D	Data/Script/Standard/20260916_155029_178_49ae2672f20f43ae980de62759777b6a/PROCESS_H01.ascript
D	Data/Script/Standard/20260916_155041_861_c46bd4ea21964043bd6eee29229d85e3/PROCESS.txt
D	Data/Script/Standard/20260916_155041_861_c46bd4ea21964043bd6eee29229d85e3/PROCESS_COORDINATES.csv
D	Data/Script/Standard/20260916_155041_861_c46bd4ea21964043bd6eee29229d85e3/PROCESS_H01.ascript
D	Data/Script/Standard/20260916_155051_729_be738ac5c40945ff8bff33d1254b40dc/PROCESS.txt
D	Data/Script/Standard/20260916_155051_729_be738ac5c40945ff8bff33d1254b40dc/PROCESS_COORDINATES.csv
D	Data/Script/Standard/20260916_155051_729_be738ac5c40945ff8bff33d1254b40dc/PROCESS_H01.ascript
D	Data/Script/Standard/20260916_155100_314_f71e2ee0a6784bbb87ccfa456858cdfa/PROCESS.txt
D	Data/Script/Standard/20260916_155100_314_f71e2ee0a6784bbb87ccfa456858cdfa/PROCESS_COORDINATES.csv
D	Data/Script/Standard/20260916_155100_314_f71e2ee0a6784bbb87ccfa456858cdfa/PROCESS_H01.ascript
D	Data/Script/Standard/20260916_155110_264_eb0e8f91ceae48f8a5f1f477e0561c80/PROCESS.txt
D	Data/Script/Standard/20260916_155110_264_eb0e8f91ceae48f8a5f1f477e0561c80/PROCESS_COORDINATES.csv
D	Data/Script/Standard/20260916_155110_264_eb0e8f91ceae48f8a5f1f477e0561c80/PROCESS_H01.ascript
D	Data/Script/Standard/20260916_160107_744_5ac66adca2904ccfb1b526e66183a209/PROCESS.txt
D	Data/Script/Standard/20260916_160107_744_5ac66adca2904ccfb1b526e66183a209/PROCESS_COORDINATES.csv
D	Data/Script/Standard/20260916_160107_744_5ac66adca2904ccfb1b526e66183a209/PROCESS_H01.ascript
D	Data/Script/Standard/20260916_160116_106_4cef4bdf7404479c8b564e88633e2643/PROCESS.txt
D	Data/Script/Standard/20260916_160116_106_4cef4bdf7404479c8b564e88633e2643/PROCESS_COORDINATES.csv
D	Data/Script/Standard/20260916_160116_106_4cef4bdf7404479c8b564e88633e2643/PROCESS_H01.ascript
D	Data/Script/Standard/20260916_160124_499_6cbb02b819324f4590b36e2fe7c9ddf0/PROCESS.txt
D	Data/Script/Standard/20260916_160124_499_6cbb02b819324f4590b36e2fe7c9ddf0/PROCESS_COORDINATES.csv
D	Data/Script/Standard/20260916_160124_499_6cbb02b819324f4590b36e2fe7c9ddf0/PROCESS_H01.ascript
D	Data/Script/Standard/20260916_160131_754_626eb9b360e442958f35d9f0ec3e00c5/PROCESS.txt
D	Data/Script/Standard/20260916_160131_754_626eb9b360e442958f35d9f0ec3e00c5/PROCESS_COORDINATES.csv
D	Data/Script/Standard/20260916_160131_754_626eb9b360e442958f35d9f0ec3e00c5/PROCESS_H01.ascript
D	Data/Script/Standard/20260916_160140_184_6ad097e083ba405689b582861fe1151e/PROCESS.txt
D	Data/Script/Standard/20260916_160140_184_6ad097e083ba405689b582861fe1151e/PROCESS_COORDINATES.csv
D	Data/Script/Standard/20260916_201221_187_7d2bd2e3bea24e159aec8491854a5c2b/PROCESS.txt
D	Data/Script/Standard/20260916_201221_187_7d2bd2e3bea24e159aec8491854a5c2b/PROCESS_COORDINATES.csv
D	Data/Script/Standard/20260916_201221_187_7d2bd2e3bea24e159aec8491854a5c2b/PROCESS_H01.ascript
D	Data/Script/Standard/20260917_091029_213_2e1590bbcd7345759852217226edef62/PROCESS.txt
D	Data/Script/Standard/20260917_091029_213_2e1590bbcd7345759852217226edef62/PROCESS_COORDINATES.csv
D	Data/Script/Standard/20260917_091029_213_2e1590bbcd7345759852217226edef62/PROCESS_H01.ascript
D	Data/Script/Standard/20260917_091136_676_3e5f123d3ada409cb4c2b911cacae308/PROCESS.txt
D	Data/Script/Standard/20260917_091136_676_3e5f123d3ada409cb4c2b911cacae308/PROCESS_COORDINATES.csv
D	Data/Script/Standard/20260917_091136_676_3e5f123d3ada409cb4c2b911cacae308/PROCESS_H01.ascript
D	Data/Script/Standard/20260917_091136_676_3e5f123d3ada409cb4c2b911cacae308/PROCESS_H02.ascript
D	Data/Script/Standard/20260917_091136_676_3e5f123d3ada409cb4c2b911cacae308/PROCESS_H03.ascript
D	Data/Script/Standard/20260917_091136_676_3e5f123d3ada409cb4c2b911cacae308/PROCESS_H05.ascript
D	Data/Script/Standard/20260917_091136_676_3e5f123d3ada409cb4c2b911cacae308/PROCESS_H06.ascript
D	Data/Script/Standard/20260917_091136_676_3e5f123d3ada409cb4c2b911cacae308/PROCESS_H07.ascript
D	Data/Script/Standard/20260917_091136_676_3e5f123d3ada409cb4c2b911cacae308/PROCESS_H08.ascript
D	Data/Script/Standard/20260917_091144_664_b71150f944354535975bcfe0106d77a5/PROCESS.txt
D	Data/Script/Standard/20260917_091144_664_b71150f944354535975bcfe0106d77a5/PROCESS_COORDINATES.csv
D	Data/Script/Standard/20260917_091144_664_b71150f944354535975bcfe0106d77a5/PROCESS_H01.ascript
D	Data/Script/Standard/20260917_091144_664_b71150f944354535975bcfe0106d77a5/PROCESS_H02.ascript
D	Data/Script/Standard/20260917_091144_664_b71150f944354535975bcfe0106d77a5/PROCESS_H03.ascript
D	Data/Script/Standard/20260917_091144_664_b71150f944354535975bcfe0106d77a5/PROCESS_H05.ascript
D	Data/Script/Standard/20260917_091144_664_b71150f944354535975bcfe0106d77a5/PROCESS_H06.ascript
D	Data/Script/Standard/20260917_091144_664_b71150f944354535975bcfe0106d77a5/PROCESS_H07.ascript
D	Data/Script/Standard/20260917_091144_664_b71150f944354535975bcfe0106d77a5/PROCESS_H08.ascript
D	Data/Script/Standard/20260917_091235_188_553d1618171246fab29ef6c054c777ce/PROCESS.txt
D	Data/Script/Standard/20260917_091235_188_553d1618171246fab29ef6c054c777ce/PROCESS_COORDINATES.csv
D	Data/Script/Standard/20260917_091235_188_553d1618171246fab29ef6c054c777ce/PROCESS_H01.ascript
D	Data/Script/Standard/20260917_091235_188_553d1618171246fab29ef6c054c777ce/PROCESS_H02.ascript
D	Data/Script/Standard/20260917_091235_188_553d1618171246fab29ef6c054c777ce/PROCESS_H03.ascript
D	Data/Script/Standard/20260917_091235_188_553d1618171246fab29ef6c054c777ce/PROCESS_H05.ascript
D	Data/Script/Standard/20260917_091235_188_553d1618171246fab29ef6c054c777ce/PROCESS_H06.ascript
D	Data/Script/Standard/20260917_091235_188_553d1618171246fab29ef6c054c777ce/PROCESS_H07.ascript
D	Data/Script/Standard/20260917_091235_188_553d1618171246fab29ef6c054c777ce/PROCESS_H08.ascript
D	Data/Script/Standard/20260917_091534_022_076e8f3f17c14014b3a37482dcd9f20f/PROCESS.txt
D	Data/Script/Standard/20260917_091534_022_076e8f3f17c14014b3a37482dcd9f20f/PROCESS_COORDINATES.csv
D	Data/Script/Standard/20260917_091612_679_cae8f5c948bf419fb47f082f27a35b62/PROCESS.txt
D	Data/Script/Standard/20260917_091612_679_cae8f5c948bf419fb47f082f27a35b62/PROCESS_COORDINATES.csv
D	Data/Script/Standard/20260917_091612_679_cae8f5c948bf419fb47f082f27a35b62/PROCESS_H01.ascript
D	Data/Script/Standard/20260917_091612_679_cae8f5c948bf419fb47f082f27a35b62/PROCESS_H02.ascript
D	Data/Script/Standard/20260917_091612_679_cae8f5c948bf419fb47f082f27a35b62/PROCESS_H03.ascript
D	Data/Script/Standard/20260917_091612_679_cae8f5c948bf419fb47f082f27a35b62/PROCESS_H05.ascript
D	Data/Script/Standard/20260917_091612_679_cae8f5c948bf419fb47f082f27a35b62/PROCESS_H06.ascript
D	Data/Script/Standard/20260917_091612_679_cae8f5c948bf419fb47f082f27a35b62/PROCESS_H07.ascript
D	Data/Script/Standard/20260917_091612_679_cae8f5c948bf419fb47f082f27a35b62/PROCESS_H08.ascript
D	Data/Script/Standard/20260917_091618_978_bab944ade29a4f57a05d3908f2347d1b/PROCESS.txt
D	Data/Script/Standard/20260917_091618_978_bab944ade29a4f57a05d3908f2347d1b/PROCESS_COORDINATES.csv
D	Data/Script/Standard/20260917_091618_978_bab944ade29a4f57a05d3908f2347d1b/PROCESS_H01.ascript
D	Data/Script/Standard/20260917_091618_978_bab944ade29a4f57a05d3908f2347d1b/PROCESS_H02.ascript
D	Data/Script/Standard/20260917_091618_978_bab944ade29a4f57a05d3908f2347d1b/PROCESS_H03.ascript
D	Data/Script/Standard/20260917_091618_978_bab944ade29a4f57a05d3908f2347d1b/PROCESS_H04.ascript
D	Data/Script/Standard/20260917_091618_978_bab944ade29a4f57a05d3908f2347d1b/PROCESS_H05.ascript
D	Data/Script/Standard/20260917_091618_978_bab944ade29a4f57a05d3908f2347d1b/PROCESS_H06.ascript
D	Data/Script/Standard/20260917_091618_978_bab944ade29a4f57a05d3908f2347d1b/PROCESS_H07.ascript
D	Data/Script/Standard/20260917_091618_978_bab944ade29a4f57a05d3908f2347d1b/PROCESS_H08.ascript
D	Data/Script/Standard/20260917_091626_928_74c10a6b0e684cc9bb18664b41a58c6e/PROCESS.txt
D	Data/Script/Standard/20260917_091626_928_74c10a6b0e684cc9bb18664b41a58c6e/PROCESS_COORDINATES.csv
D	Data/Script/Standard/20260917_091638_307_c10beac67ef3474c87fad861ff9275a9/PROCESS.txt
D	Data/Script/Standard/20260917_091638_307_c10beac67ef3474c87fad861ff9275a9/PROCESS_COORDINATES.csv
D	Data/Script/Standard/20260917_091638_307_c10beac67ef3474c87fad861ff9275a9/PROCESS_H01.ascript
D	Data/Script/Standard/20260917_091638_307_c10beac67ef3474c87fad861ff9275a9/PROCESS_H02.ascript
D	Data/Script/Standard/20260917_091638_307_c10beac67ef3474c87fad861ff9275a9/PROCESS_H03.ascript
D	Data/Script/Standard/20260917_091638_307_c10beac67ef3474c87fad861ff9275a9/PROCESS_H04.ascript
D	Data/Script/Standard/20260917_091638_307_c10beac67ef3474c87fad861ff9275a9/PROCESS_H05.ascript
D	Data/Script/Standard/20260917_091638_307_c10beac67ef3474c87fad861ff9275a9/PROCESS_H06.ascript
D	Data/Script/Standard/20260917_091638_307_c10beac67ef3474c87fad861ff9275a9/PROCESS_H07.ascript
D	Data/Script/Standard/20260917_091638_307_c10beac67ef3474c87fad861ff9275a9/PROCESS_H08.ascript
D	Data/Script/Standard/20260917_132648_테스트#1/PROCESS_COORDINATES.csv
D	Data/Script/Standard/20260917_132648_테스트#1/PROCESS_H01.ascript
D	Data/Script/Standard/20260917_132648_테스트#1/PROCESS_H02.ascript
D	Data/Script/Standard/20260917_132648_테스트#1/PROCESS_H03.ascript
D	Data/Script/Standard/20260917_132648_테스트#1/PROCESS_H04.ascript
D	Data/Script/Standard/20260917_132648_테스트#1/PROCESS_H05.ascript
D	Data/Script/Standard/20260917_132648_테스트#1/PROCESS_H06.ascript
D	Data/Script/Standard/20260917_132648_테스트#1/PROCESS_H07.ascript
D	Data/Script/Standard/20260917_132648_테스트#1/PROCESS_H08.ascript
D	Data/Script/Standard/20260917_132750_테스트#2/PROCESS.txt
D	Data/Script/Standard/20260917_132750_테스트#2/PROCESS_COORDINATES.csv
D	Data/Script/Standard/20260917_132750_테스트#2/PROCESS_H01.ascript
D	Data/Script/Standard/20260917_132750_테스트#2/PROCESS_H02.ascript
D	Data/Script/Standard/20260917_132750_테스트#2/PROCESS_H03.ascript
D	Data/Script/Standard/20260917_132750_테스트#2/PROCESS_H04.ascript
D	Data/Script/Standard/20260917_132750_테스트#2/PROCESS_H05.ascript
D	Data/Script/Standard/20260917_132750_테스트#2/PROCESS_H06.ascript
D	Data/Script/Standard/20260917_132750_테스트#2/PROCESS_H07.ascript
D	Data/Script/Standard/20260917_132750_테스트#2/PROCESS_H08.ascript
D	Data/Script/Standard/20260917_133751_테스트#3/PROCESS.txt
D	Data/Script/Standard/20260917_133751_테스트#3/PROCESS_COORDINATES.csv
D	Data/Script/Standard/20260917_133751_테스트#3/PROCESS_H01.ascript
D	Data/Script/Standard/20260917_133751_테스트#3/PROCESS_H02.ascript
D	Data/Script/Standard/20260917_133751_테스트#3/PROCESS_H03.ascript
D	Data/Script/Standard/20260917_133751_테스트#3/PROCESS_H04.ascript
D	Data/Script/Standard/20260917_133751_테스트#3/PROCESS_H05.ascript
D	Data/Script/Standard/20260917_133751_테스트#3/PROCESS_H06.ascript
D	Data/Script/Standard/20260917_133751_테스트#3/PROCESS_H07.ascript
D	Data/Script/Standard/20260917_133751_테스트#3/PROCESS_H08.ascript
D	Data/Script/Standard/20260918_101126_084_f85d1c30d6c0471aaed92fd9cafc8cba/PROCESS.txt
D	Data/Script/Standard/20260918_101126_084_f85d1c30d6c0471aaed92fd9cafc8cba/PROCESS_COORDINATES.csv
D	Data/Script/Standard/20260918_101126_084_f85d1c30d6c0471aaed92fd9cafc8cba/PROCESS_H01.ascript
D	Data/Script/Standard/20260918_101549_470_2aed6c41590440c18d1fae55190a8f47/PROCESS.txt
D	Data/Script/Standard/20260918_101549_470_2aed6c41590440c18d1fae55190a8f47/PROCESS_COORDINATES.csv
D	Data/Script/Standard/20260918_101549_470_2aed6c41590440c18d1fae55190a8f47/PROCESS_H01.ascript
D	Data/Script/Standard/20260918_111456_883_840895a48b8046828dd538e828eb55a8/PROCESS.txt
D	Data/Script/Standard/20260918_111456_883_840895a48b8046828dd538e828eb55a8/PROCESS_COORDINATES.csv
D	Data/Script/Standard/20260918_111456_883_840895a48b8046828dd538e828eb55a8/PROCESS_H01.ascript
D	Data/Script/Standard/20260918_111456_883_840895a48b8046828dd538e828eb55a8/PROCESS_H02.ascript
D	Data/Script/Standard/20260918_111456_883_840895a48b8046828dd538e828eb55a8/PROCESS_H03.ascript
D	Data/Script/Standard/20260918_111456_883_840895a48b8046828dd538e828eb55a8/PROCESS_H04.ascript
D	Data/Script/Standard/20260918_111456_883_840895a48b8046828dd538e828eb55a8/PROCESS_H05.ascript
D	Data/Script/Standard/20260918_111456_883_840895a48b8046828dd538e828eb55a8/PROCESS_H06.ascript
D	Data/Script/Standard/20260918_111456_883_840895a48b8046828dd538e828eb55a8/PROCESS_H07.ascript
D	Data/Script/Standard/20260918_111456_883_840895a48b8046828dd538e828eb55a8/PROCESS_H08.ascript
A	Data/Script/Standard/20261006_111315_SIM_20261006_111200875/PROCESS.txt
A	Data/Script/Standard/20261006_111315_SIM_20261006_111200875/PROCESS_COORDINATES.csv
A	Data/Script/Standard/20261006_111315_SIM_20261006_111200875/PROCESS_H01.ascript
R060	Data/Script/BufferedRun/20260909_100441_744_59d277271baf49e4b0148ff4769c148e/PROCESS_H02.ascript	Data/Script/Standard/20261006_111315_SIM_20261006_111200875/PROCESS_H02.ascript
A	Data/Script/Standard/20261006_111315_SIM_20261006_111200875/PROCESS_H03.ascript
R070	Data/Script/Standard/20260917_091235_188_553d1618171246fab29ef6c054c777ce/PROCESS_H04.ascript	Data/Script/Standard/20261006_111315_SIM_20261006_111200875/PROCESS_H04.ascript
R054	Data/Script/Standard/20260909_180300_137_5ab402e2636f4932ba1ab528bcf5b9c3/PROCESS_H05.ascript	Data/Script/Standard/20261006_111315_SIM_20261006_111200875/PROCESS_H05.ascript
A	Data/Script/Standard/20261006_111315_SIM_20261006_111200875/PROCESS_H06.ascript
A	Data/Script/Standard/20261006_111315_SIM_20261006_111200875/PROCESS_H07.ascript
A	Data/Script/Standard/20261006_111315_SIM_20261006_111200875/PROCESS_H08.ascript
A	Data/Script/Standard/20261007_141911_SIM_20261006_111200875/PROCESS.txt
A	Data/Script/Standard/20261007_141911_SIM_20261006_111200875/PROCESS_COORDINATES.csv
A	Data/Script/Standard/20261007_141911_SIM_20261006_111200875/PROCESS_H01.ascript
R060	Data/Script/Standard/20260909_180300_137_5ab402e2636f4932ba1ab528bcf5b9c3/PROCESS_H02.ascript	Data/Script/Standard/20261007_141911_SIM_20261006_111200875/PROCESS_H02.ascript
A	Data/Script/Standard/20261007_141911_SIM_20261006_111200875/PROCESS_H03.ascript
R070	Data/Script/Standard/20260917_091136_676_3e5f123d3ada409cb4c2b911cacae308/PROCESS_H04.ascript	Data/Script/Standard/20261007_141911_SIM_20261006_111200875/PROCESS_H04.ascript
R054	Data/Script/Standard/20260909_182852_936_aa95355a4be14446a21c70f82df31c78/PROCESS_H05.ascript	Data/Script/Standard/20261007_141911_SIM_20261006_111200875/PROCESS_H05.ascript
R053	Data/Script/Standard/20260908_104508_527_181c8dcf433a4f0b8930a2b803eea7da/PROCESS_H06.ascript	Data/Script/Standard/20261007_141911_SIM_20261006_111200875/PROCESS_H06.ascript
A	Data/Script/Standard/20261007_141911_SIM_20261006_111200875/PROCESS_H07.ascript
A	Data/Script/Standard/20261007_141911_SIM_20261006_111200875/PROCESS_H08.ascript
A	Data/Script/Standard/20261007_141921_SIM_20261007_141920514/PROCESS.txt
A	Data/Script/Standard/20261007_141921_SIM_20261007_141920514/PROCESS_COORDINATES.csv
R056	Data/Script/Standard/20260915_123605_384_3c605187f3814415b63ba96b359372c2/PROCESS_H01.ascript	Data/Script/Standard/20261007_141921_SIM_20261007_141920514/PROCESS_H01.ascript
R060	Data/Script/Standard/20260909_182852_936_aa95355a4be14446a21c70f82df31c78/PROCESS_H02.ascript	Data/Script/Standard/20261007_141921_SIM_20261007_141920514/PROCESS_H02.ascript
R076	Data/Script/Standard/20260908_104508_527_181c8dcf433a4f0b8930a2b803eea7da/PROCESS_H03.ascript	Data/Script/Standard/20261007_141921_SIM_20261007_141920514/PROCESS_H03.ascript
A	Data/Script/Standard/20261007_141921_SIM_20261007_141920514/PROCESS_H04.ascript
A	Data/Script/Standard/20261007_141921_SIM_20261007_141920514/PROCESS_H05.ascript
A	Data/Script/Standard/20261007_141921_SIM_20261007_141920514/PROCESS_H06.ascript
R052	Data/Script/Standard/20260909_180300_137_5ab402e2636f4932ba1ab528bcf5b9c3/PROCESS_H07.ascript	Data/Script/Standard/20261007_141921_SIM_20261007_141920514/PROCESS_H07.ascript
A	Data/Script/Standard/20261007_141921_SIM_20261007_141920514/PROCESS_H08.ascript
A	Data/Script/Standard/20261007_142301_SIM_20261007_142300480/PROCESS.txt
A	Data/Script/Standard/20261007_142301_SIM_20261007_142300480/PROCESS_COORDINATES.csv
R056	Data/Script/Standard/20260915_113802_706_3b988c58b01342c2a838e5814ca7b33e/PROCESS_H01.ascript	Data/Script/Standard/20261007_142301_SIM_20261007_142300480/PROCESS_H01.ascript
A	Data/Script/Standard/20261007_142301_SIM_20261007_142300480/PROCESS_H02.ascript
R076	Data/Script/Standard/20260909_162922_587_e899b2d6ab4840b3bf2b7443a7e79462/PROCESS_H03.ascript	Data/Script/Standard/20261007_142301_SIM_20261007_142300480/PROCESS_H03.ascript
A	Data/Script/Standard/20261007_142301_SIM_20261007_142300480/PROCESS_H04.ascript
A	Data/Script/Standard/20261007_142301_SIM_20261007_142300480/PROCESS_H05.ascript
A	Data/Script/Standard/20261007_142301_SIM_20261007_142300480/PROCESS_H06.ascript
R052	Data/Script/Standard/20260909_182852_936_aa95355a4be14446a21c70f82df31c78/PROCESS_H07.ascript	Data/Script/Standard/20261007_142301_SIM_20261007_142300480/PROCESS_H07.ascript
A	Data/Script/Standard/20261007_142301_SIM_20261007_142300480/PROCESS_H08.ascript
A	Data/Script/Standard/20261007_142402_SIM_20261007_142401753/PROCESS.txt
A	Data/Script/Standard/20261007_142402_SIM_20261007_142401753/PROCESS_COORDINATES.csv
A	Data/Script/Standard/20261007_142402_SIM_20261007_142401753/PROCESS_H01.ascript
R060	Data/Script/Standard/20260908_104508_527_181c8dcf433a4f0b8930a2b803eea7da/PROCESS_H02.ascript	Data/Script/Standard/20261007_142402_SIM_20261007_142401753/PROCESS_H02.ascript
A	Data/Script/Standard/20261007_142402_SIM_20261007_142401753/PROCESS_H03.ascript
R070	Data/Script/Standard/20260917_091144_664_b71150f944354535975bcfe0106d77a5/PROCESS_H04.ascript	Data/Script/Standard/20261007_142402_SIM_20261007_142401753/PROCESS_H04.ascript
R054	Data/Script/Standard/20260909_162922_587_e899b2d6ab4840b3bf2b7443a7e79462/PROCESS_H05.ascript	Data/Script/Standard/20261007_142402_SIM_20261007_142401753/PROCESS_H05.ascript
A	Data/Script/Standard/20261007_142402_SIM_20261007_142401753/PROCESS_H06.ascript
A	Data/Script/Standard/20261007_142402_SIM_20261007_142401753/PROCESS_H07.ascript
A	Data/Script/Standard/20261007_142402_SIM_20261007_142401753/PROCESS_H08.ascript
A	Data/Script/Standard/20261007_145720_SIM_20261007_145719996/PROCESS.txt
A	Data/Script/Standard/20261007_145720_SIM_20261007_145719996/PROCESS_COORDINATES.csv
A	Data/Script/Standard/20261007_145720_SIM_20261007_145719996/PROCESS_H01.ascript
A	Data/Script/Standard/20261007_145720_SIM_20261007_145719996/PROCESS_H02.ascript
A	Data/Script/Standard/20261007_145720_SIM_20261007_145719996/PROCESS_H03.ascript
A	Data/Script/Standard/20261007_145720_SIM_20261007_145719996/PROCESS_H04.ascript
A	Data/Script/Standard/20261007_145720_SIM_20261007_145719996/PROCESS_H05.ascript
R053	Data/Script/Standard/20260909_162922_587_e899b2d6ab4840b3bf2b7443a7e79462/PROCESS_H06.ascript	Data/Script/Standard/20261007_145720_SIM_20261007_145719996/PROCESS_H06.ascript
R052	Data/Script/BufferedRun/20260909_100441_744_59d277271baf49e4b0148ff4769c148e/PROCESS_H07.ascript	Data/Script/Standard/20261007_145720_SIM_20261007_145719996/PROCESS_H07.ascript
R054	Data/Script/Standard/20260909_182852_936_aa95355a4be14446a21c70f82df31c78/PROCESS_H08.ascript	Data/Script/Standard/20261007_145720_SIM_20261007_145719996/PROCESS_H08.ascript
A	Data/Script/Standard/20261007_145755_SIM_20261007_145754494/PROCESS.txt
A	Data/Script/Standard/20261007_145755_SIM_20261007_145754494/PROCESS_COORDINATES_0.csv
A	Data/Script/Standard/20261007_145755_SIM_20261007_145754494/PROCESS_H01.ascript
R060	Data/Script/Standard/20260909_162922_587_e899b2d6ab4840b3bf2b7443a7e79462/PROCESS_H02.ascript	Data/Script/Standard/20261007_145755_SIM_20261007_145754494/PROCESS_H02.ascript
A	Data/Script/Standard/20261007_145755_SIM_20261007_145754494/PROCESS_H03.ascript
R070	Data/Script/Standard/20260917_091612_679_cae8f5c948bf419fb47f082f27a35b62/PROCESS_H04.ascript	Data/Script/Standard/20261007_145755_SIM_20261007_145754494/PROCESS_H04.ascript
R054	Data/Script/Standard/20260908_104508_527_181c8dcf433a4f0b8930a2b803eea7da/PROCESS_H05.ascript	Data/Script/Standard/20261007_145755_SIM_20261007_145754494/PROCESS_H05.ascript
A	Data/Script/Standard/20261007_145755_SIM_20261007_145754494/PROCESS_H06.ascript
A	Data/Script/Standard/20261007_145755_SIM_20261007_145754494/PROCESS_H07.ascript
A	Data/Script/Standard/20261007_145755_SIM_20261007_145754494/PROCESS_H08.ascript
A	Data/Script/Standard/20261007_151619_SIM_20261007_151618256/PROCESS.txt
A	Data/Script/Standard/20261007_151619_SIM_20261007_151618256/PROCESS_COORDINATES.csv
R059	Data/Script/Standard/20260916_160140_184_6ad097e083ba405689b582861fe1151e/PROCESS_H01.ascript	Data/Script/Standard/20261007_151619_SIM_20261007_151618256/PROCESS_H01.ascript
A	Data/Script/Standard/20261007_151619_SIM_20261007_151618256/PROCESS_H02.ascript
A	Data/Script/Standard/20261007_151619_SIM_20261007_151618256/PROCESS_H03.ascript
A	Data/Script/Standard/20261007_151619_SIM_20261007_151618256/PROCESS_H04.ascript
A	Data/Script/Standard/20261007_151619_SIM_20261007_151618256/PROCESS_H05.ascript
R053	Data/Script/Standard/20260909_180300_137_5ab402e2636f4932ba1ab528bcf5b9c3/PROCESS_H06.ascript	Data/Script/Standard/20261007_151619_SIM_20261007_151618256/PROCESS_H06.ascript
R052	Data/Script/Standard/20260909_162922_587_e899b2d6ab4840b3bf2b7443a7e79462/PROCESS_H07.ascript	Data/Script/Standard/20261007_151619_SIM_20261007_151618256/PROCESS_H07.ascript
R054	Data/Script/Standard/20260908_104508_527_181c8dcf433a4f0b8930a2b803eea7da/PROCESS_H08.ascript	Data/Script/Standard/20261007_151619_SIM_20261007_151618256/PROCESS_H08.ascript
A	Data/Script/Standard/20261007_151648_SIM_20261007_151647702/PROCESS.txt
A	Data/Script/Standard/20261007_151648_SIM_20261007_151647702/PROCESS_COORDINATES.csv
A	Data/Script/Standard/20261007_151648_SIM_20261007_151647702/PROCESS_H01.ascript
A	Data/Script/Standard/20261007_151648_SIM_20261007_151647702/PROCESS_H02.ascript
A	Data/Script/Standard/20261007_151648_SIM_20261007_151647702/PROCESS_H03.ascript
A	Data/Script/Standard/20261007_151648_SIM_20261007_151647702/PROCESS_H04.ascript
A	Data/Script/Standard/20261007_151648_SIM_20261007_151647702/PROCESS_H05.ascript
R053	Data/Script/Standard/20260909_182852_936_aa95355a4be14446a21c70f82df31c78/PROCESS_H06.ascript	Data/Script/Standard/20261007_151648_SIM_20261007_151647702/PROCESS_H06.ascript
R052	Data/Script/BufferedRun/20260908_175346_420_ae30201e96524999a2c5246fa28f3859/PROCESS_H07.ascript	Data/Script/Standard/20261007_151648_SIM_20261007_151647702/PROCESS_H07.ascript
R054	Data/Script/Standard/20260909_162922_587_e899b2d6ab4840b3bf2b7443a7e79462/PROCESS_H08.ascript	Data/Script/Standard/20261007_151648_SIM_20261007_151647702/PROCESS_H08.ascript
A	Data/Script/Standard/20261007_151709_SIM_20261007_151708759/PROCESS.txt
A	Data/Script/Standard/20261007_151709_SIM_20261007_151708759/PROCESS_COORDINATES.csv
A	Data/Script/Standard/20261007_151709_SIM_20261007_151708759/PROCESS_H01.ascript
A	Data/Script/Standard/20261007_151709_SIM_20261007_151708759/PROCESS_H02.ascript
A	Data/Script/Standard/20261007_151709_SIM_20261007_151708759/PROCESS_H03.ascript
A	Data/Script/Standard/20261007_151709_SIM_20261007_151708759/PROCESS_H04.ascript
A	Data/Script/Standard/20261007_151709_SIM_20261007_151708759/PROCESS_H05.ascript
A	Data/Script/Standard/20261007_151709_SIM_20261007_151708759/PROCESS_H06.ascript
A	Data/Script/Standard/20261007_151709_SIM_20261007_151708759/PROCESS_H07.ascript
A	Data/Script/Standard/20261007_151709_SIM_20261007_151708759/PROCESS_H08.ascript
A	Data/Script/Standard/20261007_151723_SIM_20261007_151722224/PROCESS.txt
A	Data/Script/Standard/20261007_151723_SIM_20261007_151722224/PROCESS_COORDINATES.csv
A	Data/Script/Standard/20261007_151723_SIM_20261007_151722224/PROCESS_H01.ascript
A	Data/Script/Standard/20261007_151723_SIM_20261007_151722224/PROCESS_H02.ascript
R076	Data/Script/Standard/20260909_182852_936_aa95355a4be14446a21c70f82df31c78/PROCESS_H03.ascript	Data/Script/Standard/20261007_151723_SIM_20261007_151722224/PROCESS_H03.ascript
A	Data/Script/Standard/20261007_151723_SIM_20261007_151722224/PROCESS_H04.ascript
A	Data/Script/Standard/20261007_151723_SIM_20261007_151722224/PROCESS_H05.ascript
R053	Data/Script/BufferedRun/20260909_100441_744_59d277271baf49e4b0148ff4769c148e/PROCESS_H06.ascript	Data/Script/Standard/20261007_151723_SIM_20261007_151722224/PROCESS_H06.ascript
A	Data/Script/Standard/20261007_151723_SIM_20261007_151722224/PROCESS_H07.ascript
R054	Data/Script/Standard/20260909_180300_137_5ab402e2636f4932ba1ab528bcf5b9c3/PROCESS_H08.ascript	Data/Script/Standard/20261007_151723_SIM_20261007_151722224/PROCESS_H08.ascript
A	Data/Script/Standard/20261007_151731_SIM_20261007_151730610/PROCESS.txt
A	Data/Script/Standard/20261007_151731_SIM_20261007_151730610/PROCESS_COORDINATES.csv
R056	Data/Script/Standard/20260915_123614_749_9338f8e295734825b3c86fed1c3e89fa/PROCESS_H01.ascript	Data/Script/Standard/20261007_151731_SIM_20261007_151730610/PROCESS_H01.ascript
A	Data/Script/Standard/20261007_151731_SIM_20261007_151730610/PROCESS_H02.ascript
R076	Data/Script/Standard/20260909_180300_137_5ab402e2636f4932ba1ab528bcf5b9c3/PROCESS_H03.ascript	Data/Script/Standard/20261007_151731_SIM_20261007_151730610/PROCESS_H03.ascript
A	Data/Script/Standard/20261007_151731_SIM_20261007_151730610/PROCESS_H04.ascript
A	Data/Script/Standard/20261007_151731_SIM_20261007_151730610/PROCESS_H05.ascript
A	Data/Script/Standard/20261007_151731_SIM_20261007_151730610/PROCESS_H06.ascript
R052	Data/Script/Standard/20260908_104508_527_181c8dcf433a4f0b8930a2b803eea7da/PROCESS_H07.ascript	Data/Script/Standard/20261007_151731_SIM_20261007_151730610/PROCESS_H07.ascript
R054	Data/Script/BufferedRun/20260908_175346_420_ae30201e96524999a2c5246fa28f3859/PROCESS_H08.ascript	Data/Script/Standard/20261007_151731_SIM_20261007_151730610/PROCESS_H08.ascript
D	Data/Script/Standard/PROCESS.txt
D	Data/Script/Standard/PROCESS_H01.ascript
D	Data/Script/Standard/PROCESS_H02.ascript
D	Data/Script/Standard/PROCESS_H03.ascript
D	Data/Script/Standard/PROCESS_H04.ascript
D	Data/Script/Standard/PROCESS_H05.ascript
D	Data/Script/Standard/PROCESS_H06.ascript
D	Data/Script/Standard/PROCESS_H07.ascript
D	Data/Script/Standard/PROCESS_H08.ascript
D	Data/Script/Standard/테스트결과.zip
M	Drilling.Common/Alarm/CAlarmManager.cs
M	Drilling.Common/Automation/CAutomationManager.cs
M	Drilling.Common/InterLock/CInterLockManager.cs
M	Drilling.Common/Interface/Automation1/CAutomation1Comm.cs
M	Drilling.Common/Interface/CComm.cs
M	Drilling.Common/Interface/CInterfaceManager.cs
M	Drilling.Common/Interface/PicoMotor/CPicoMotor.cs
M	Drilling.Common/Interface/PicoMotor/CPicoMotorService.cs
M	Drilling.Common/Interface/Serial/CBeamExpander.cs
M	Drilling.Common/Interface/Serial/CConex_AGP.cs
M	Drilling.Common/Interface/Serial/CPowerMeter.cs
M	Drilling.Common/Interface/Serial/CSerialComm.cs
M	Drilling.Common/Interface/Serial/CTalonLaser.cs
M	Drilling.Common/Interface/Socket/CSocketComm.cs
M	Drilling.Common/Interface/Socket/CSocketServerComm.cs
M	Drilling.Common/Log/CLogManager.cs
M	Drilling.Common/Managers/CManager.cs
M	Drilling.Common/Managers/CSettingManager.cs
M	Drilling.Common/Motion/CMotionController.cs
M	Drilling.Common/Motion/CMotionManager.cs
M	Drilling.Common/Motion/XPS/CXpsComm.cs
M	Drilling.Common/Motion/XPS/CXpsMotion.cs
M	Drilling.Common/Product/CProductManager.cs
M	Drilling.Common/Recipe/CRecipeShotMaskingPlan.cs
M	Drilling.Common/Recipe/CShotCoordinatePlanBuilder.cs
M	Drilling.Common/Review/CReviewManager.cs
M	Drilling.Common/Review/CReviewSampleRuleSelector.cs
M	Drilling.Common/Station/CStationManager.cs
M	Drilling.Common/Station/CStationProcess.cs
M	Drilling.Common/bin/Debug/net8.0/Drilling.Common.dll
M	Drilling.Common/bin/Debug/net8.0/Drilling.Common.pdb
M	Drilling.Common/obj/Debug/net8.0/Drilling.Common.AssemblyInfo.cs
M	Drilling.Common/obj/Debug/net8.0/Drilling.Common.AssemblyInfoInputs.cache
M	Drilling.Common/obj/Debug/net8.0/Drilling.Common.GeneratedMSBuildEditorConfig.editorconfig
M	Drilling.Common/obj/Debug/net8.0/Drilling.Common.assets.cache
M	Drilling.Common/obj/Debug/net8.0/Drilling.Common.csproj.AssemblyReference.cache
M	Drilling.Common/obj/Debug/net8.0/Drilling.Common.csproj.CoreCompileInputs.cache
M	Drilling.Common/obj/Debug/net8.0/Drilling.Common.csproj.FileListAbsolute.txt
M	Drilling.Common/obj/Debug/net8.0/Drilling.Common.dll
M	Drilling.Common/obj/Debug/net8.0/Drilling.Common.pdb
A	Drilling.Common/obj/Debug/net8.0/Drilling.Common.sourcelink.json
M	Drilling.Common/obj/Debug/net8.0/ref/Drilling.Common.dll
M	Drilling.Common/obj/Debug/net8.0/refint/Drilling.Common.dll
M	Drilling.Common/obj/Drilling.Common.csproj.nuget.dgspec.json
M	Drilling.Common/obj/Drilling.Common.csproj.nuget.g.props
M	Drilling.Common/obj/project.assets.json
M	Drilling.Common/obj/project.nuget.cache
M	Drilling.File/JHMI/CBETFile.cs
M	Drilling.File/JHMI/CConfigStructureFile.cs
M	Drilling.File/JHMI/CInterfaceFile.cs
M	Drilling.File/JHMI/CJhmiRecipeFile.cs
M	Drilling.File/JHMI/CManualScanFile.cs
M	Drilling.File/JHMI/CMelsecMapFile.cs
M	Drilling.File/JHMI/CMotorFile.cs
M	Drilling.File/JHMI/CSettingFile.cs
M	Drilling.File/Parser/CCsvParser.cs
M	Drilling.File/Product/CProductFile.cs
A	Drilling.File/ReviewOffset/CReviewOffsetFile.cs
M	Drilling.File/Script/CAutomation1ScriptFile.cs
M	Drilling.File/bin/Debug/net8.0/Drilling.Common.dll
M	Drilling.File/bin/Debug/net8.0/Drilling.Common.pdb
M	Drilling.File/bin/Debug/net8.0/Drilling.File.deps.json
M	Drilling.File/bin/Debug/net8.0/Drilling.File.dll
M	Drilling.File/bin/Debug/net8.0/Drilling.File.pdb
M	Drilling.File/obj/Debug/net8.0/Drilling.File.AssemblyInfo.cs
M	Drilling.File/obj/Debug/net8.0/Drilling.File.AssemblyInfoInputs.cache
M	Drilling.File/obj/Debug/net8.0/Drilling.File.GeneratedMSBuildEditorConfig.editorconfig
M	Drilling.File/obj/Debug/net8.0/Drilling.File.assets.cache
M	Drilling.File/obj/Debug/net8.0/Drilling.File.csproj.AssemblyReference.cache
M	Drilling.File/obj/Debug/net8.0/Drilling.File.csproj.CoreCompileInputs.cache
M	Drilling.File/obj/Debug/net8.0/Drilling.File.csproj.FileListAbsolute.txt
M	Drilling.File/obj/Debug/net8.0/Drilling.File.dll
M	Drilling.File/obj/Debug/net8.0/Drilling.File.pdb
A	Drilling.File/obj/Debug/net8.0/Drilling.File.sourcelink.json
M	Drilling.File/obj/Debug/net8.0/ref/Drilling.File.dll
M	Drilling.File/obj/Debug/net8.0/refint/Drilling.File.dll
M	Drilling.File/obj/Drilling.File.csproj.nuget.dgspec.json
M	Drilling.File/obj/Drilling.File.csproj.nuget.g.props
M	Drilling.File/obj/project.assets.json
M	Drilling.File/obj/project.nuget.cache
M	Drilling.UI/CApp.xaml.cs
M	Drilling.UI/CAppStartup.cs
M	Drilling.UI/CRootView.cs
M	Drilling.UI/CRootView.xaml
M	Drilling.UI/Menu/CBindingBase.cs
M	Drilling.UI/Menu/Menus/CCellPreviewDrawing.cs
A	Drilling.UI/Menu/Menus/CManualStageMotionPollingService.cs
M	Drilling.UI/Menu/Menus/CMenuAlarm.cs
M	Drilling.UI/Menu/Menus/CMenuCorrection.cs
M	Drilling.UI/Menu/Menus/CMenuMain.cs
M	Drilling.UI/Menu/Menus/CMenuManual.cs
M	Drilling.UI/Menu/Menus/CMenuMonitor.cs
M	Drilling.UI/Menu/Menus/CMenuRecipe.cs
M	Drilling.UI/Menu/Menus/CMenuReview.cs
M	Drilling.UI/Menu/Menus/CMenuSetting.cs
M	Drilling.UI/Menu/Menus/CMonitorStatusPollingService.cs
A	Drilling.UI/Popup/CControllerResetSequenceDialog.xaml
A	Drilling.UI/Popup/CControllerResetSequenceDialog.xaml.cs
M	Drilling.UI/Popup/CInterfaceStatusDialog.xaml.cs
M	Drilling.UI/Popup/CPasswordInputDialog.xaml.cs
A	Drilling.UI/Popup/CShiftOffsetDialog.xaml
A	Drilling.UI/Popup/CShiftOffsetDialog.xaml.cs
M	Drilling.UI/Views/CMainView.xaml
M	Drilling.UI/Views/CMainView.xaml.cs
M	Drilling.UI/Views/CManualView.xaml
M	Drilling.UI/Views/CManualView.xaml.cs
M	Drilling.UI/bin/Debug/net8.0-windows/Drilling.Common.dll
M	Drilling.UI/bin/Debug/net8.0-windows/Drilling.Common.pdb
M	Drilling.UI/bin/Debug/net8.0-windows/Drilling.File.dll
M	Drilling.UI/bin/Debug/net8.0-windows/Drilling.File.pdb
M	Drilling.UI/bin/Debug/net8.0-windows/Drilling.UI.deps.json
M	Drilling.UI/bin/Debug/net8.0-windows/Drilling.UI.dll
M	Drilling.UI/bin/Debug/net8.0-windows/Drilling.UI.exe
M	Drilling.UI/bin/Debug/net8.0-windows/Drilling.UI.pdb
M	Drilling.UI/bin/Debug/net8.0-windows/Drilling.UI.runtimeconfig.json
M	Drilling.UI/obj/Debug/net8.0-windows/App.g.cs
M	Drilling.UI/obj/Debug/net8.0-windows/App.g.i.cs
M	Drilling.UI/obj/Debug/net8.0-windows/CRootView.baml
M	Drilling.UI/obj/Debug/net8.0-windows/Drilling.UI.AssemblyInfo.cs
M	Drilling.UI/obj/Debug/net8.0-windows/Drilling.UI.AssemblyInfoInputs.cache
M	Drilling.UI/obj/Debug/net8.0-windows/Drilling.UI.GeneratedMSBuildEditorConfig.editorconfig
M	Drilling.UI/obj/Debug/net8.0-windows/Drilling.UI.assets.cache
M	Drilling.UI/obj/Debug/net8.0-windows/Drilling.UI.csproj.AssemblyReference.cache
M	Drilling.UI/obj/Debug/net8.0-windows/Drilling.UI.csproj.CoreCompileInputs.cache
M	Drilling.UI/obj/Debug/net8.0-windows/Drilling.UI.csproj.FileListAbsolute.txt
M	Drilling.UI/obj/Debug/net8.0-windows/Drilling.UI.dll
M	Drilling.UI/obj/Debug/net8.0-windows/Drilling.UI.g.resources
M	Drilling.UI/obj/Debug/net8.0-windows/Drilling.UI.genruntimeconfig.cache
M	Drilling.UI/obj/Debug/net8.0-windows/Drilling.UI.pdb
A	Drilling.UI/obj/Debug/net8.0-windows/Drilling.UI.sourcelink.json
A	Drilling.UI/obj/Debug/net8.0-windows/Drilling.UI_1sugzeyx_wpftmp.AssemblyInfo.cs
A	Drilling.UI/obj/Debug/net8.0-windows/Drilling.UI_1sugzeyx_wpftmp.AssemblyInfoInputs.cache
A	Drilling.UI/obj/Debug/net8.0-windows/Drilling.UI_1sugzeyx_wpftmp.GeneratedMSBuildEditorConfig.editorconfig
A	Drilling.UI/obj/Debug/net8.0-windows/Drilling.UI_1sugzeyx_wpftmp.GlobalUsings.g.cs
A	Drilling.UI/obj/Debug/net8.0-windows/Drilling.UI_1sugzeyx_wpftmp.assets.cache
A	Drilling.UI/obj/Debug/net8.0-windows/Drilling.UI_1tyojfgk_wpftmp.AssemblyInfo.cs
A	Drilling.UI/obj/Debug/net8.0-windows/Drilling.UI_1tyojfgk_wpftmp.AssemblyInfoInputs.cache
A	Drilling.UI/obj/Debug/net8.0-windows/Drilling.UI_1tyojfgk_wpftmp.GeneratedMSBuildEditorConfig.editorconfig
A	Drilling.UI/obj/Debug/net8.0-windows/Drilling.UI_1tyojfgk_wpftmp.GlobalUsings.g.cs
A	Drilling.UI/obj/Debug/net8.0-windows/Drilling.UI_1tyojfgk_wpftmp.assets.cache
A	Drilling.UI/obj/Debug/net8.0-windows/Drilling.UI_204doyic_wpftmp.AssemblyInfo.cs
A	Drilling.UI/obj/Debug/net8.0-windows/Drilling.UI_204doyic_wpftmp.AssemblyInfoInputs.cache
A	Drilling.UI/obj/Debug/net8.0-windows/Drilling.UI_204doyic_wpftmp.GeneratedMSBuildEditorConfig.editorconfig
A	Drilling.UI/obj/Debug/net8.0-windows/Drilling.UI_204doyic_wpftmp.GlobalUsings.g.cs
A	Drilling.UI/obj/Debug/net8.0-windows/Drilling.UI_204doyic_wpftmp.assets.cache
A	Drilling.UI/obj/Debug/net8.0-windows/Drilling.UI_204doyic_wpftmp.csproj.BuildWithSkipAnalyzers
A	Drilling.UI/obj/Debug/net8.0-windows/Drilling.UI_210g0fhe_wpftmp.AssemblyInfo.cs
A	Drilling.UI/obj/Debug/net8.0-windows/Drilling.UI_210g0fhe_wpftmp.AssemblyInfoInputs.cache
A	Drilling.UI/obj/Debug/net8.0-windows/Drilling.UI_210g0fhe_wpftmp.GeneratedMSBuildEditorConfig.editorconfig
A	Drilling.UI/obj/Debug/net8.0-windows/Drilling.UI_210g0fhe_wpftmp.GlobalUsings.g.cs
A	Drilling.UI/obj/Debug/net8.0-windows/Drilling.UI_210g0fhe_wpftmp.assets.cache
A	Drilling.UI/obj/Debug/net8.0-windows/Drilling.UI_2chrdppr_wpftmp.AssemblyInfo.cs
A	Drilling.UI/obj/Debug/net8.0-windows/Drilling.UI_2chrdppr_wpftmp.AssemblyInfoInputs.cache
A	Drilling.UI/obj/Debug/net8.0-windows/Drilling.UI_2chrdppr_wpftmp.GeneratedMSBuildEditorConfig.editorconfig
A	Drilling.UI/obj/Debug/net8.0-windows/Drilling.UI_2chrdppr_wpftmp.GlobalUsings.g.cs
A	Drilling.UI/obj/Debug/net8.0-windows/Drilling.UI_2chrdppr_wpftmp.assets.cache
A	Drilling.UI/obj/Debug/net8.0-windows/Drilling.UI_2chrdppr_wpftmp.csproj.BuildWithSkipAnalyzers
A	Drilling.UI/obj/Debug/net8.0-windows/Drilling.UI_2dasjm3u_wpftmp.AssemblyInfo.cs
A	Drilling.UI/obj/Debug/net8.0-windows/Drilling.UI_2dasjm3u_wpftmp.AssemblyInfoInputs.cache
A	Drilling.UI/obj/Debug/net8.0-windows/Drilling.UI_2dasjm3u_wpftmp.GeneratedMSBuildEditorConfig.editorconfig
A	Drilling.UI/obj/Debug/net8.0-windows/Drilling.UI_2dasjm3u_wpftmp.GlobalUsings.g.cs
A	Drilling.UI/obj/Debug/net8.0-windows/Drilling.UI_2dasjm3u_wpftmp.assets.cache
A	Drilling.UI/obj/Debug/net8.0-windows/Drilling.UI_2iqy42hi_wpftmp.AssemblyInfo.cs
A	Drilling.UI/obj/Debug/net8.0-windows/Drilling.UI_2iqy42hi_wpftmp.AssemblyInfoInputs.cache
A	Drilling.UI/obj/Debug/net8.0-windows/Drilling.UI_2iqy42hi_wpftmp.GeneratedMSBuildEditorConfig.editorconfig
A	Drilling.UI/obj/Debug/net8.0-windows/Drilling.UI_2iqy42hi_wpftmp.GlobalUsings.g.cs
A	Drilling.UI/obj/Debug/net8.0-windows/Drilling.UI_2iqy42hi_wpftmp.assets.cache
A	Drilling.UI/obj/Debug/net8.0-windows/Drilling.UI_2iqy42hi_wpftmp.csproj.BuildWithSkipAnalyzers
A	Drilling.UI/obj/Debug/net8.0-windows/Drilling.UI_2vpavlyr_wpftmp.AssemblyInfo.cs
A	Drilling.UI/obj/Debug/net8.0-windows/Drilling.UI_2vpavlyr_wpftmp.AssemblyInfoInputs.cache
A	Drilling.UI/obj/Debug/net8.0-windows/Drilling.UI_2vpavlyr_wpftmp.GeneratedMSBuildEditorConfig.editorconfig
A	Drilling.UI/obj/Debug/net8.0-windows/Drilling.UI_2vpavlyr_wpftmp.GlobalUsings.g.cs
A	Drilling.UI/obj/Debug/net8.0-windows/Drilling.UI_2vpavlyr_wpftmp.assets.cache
A	Drilling.UI/obj/Debug/net8.0-windows/Drilling.UI_3abbxpk1_wpftmp.AssemblyInfo.cs
A	Drilling.UI/obj/Debug/net8.0-windows/Drilling.UI_3abbxpk1_wpftmp.AssemblyInfoInputs.cache
A	Drilling.UI/obj/Debug/net8.0-windows/Drilling.UI_3abbxpk1_wpftmp.GeneratedMSBuildEditorConfig.editorconfig
A	Drilling.UI/obj/Debug/net8.0-windows/Drilling.UI_3abbxpk1_wpftmp.GlobalUsings.g.cs
A	Drilling.UI/obj/Debug/net8.0-windows/Drilling.UI_3abbxpk1_wpftmp.assets.cache
A	Drilling.UI/obj/Debug/net8.0-windows/Drilling.UI_3abbxpk1_wpftmp.csproj.BuildWithSkipAnalyzers
A	Drilling.UI/obj/Debug/net8.0-windows/Drilling.UI_4cudgpnn_wpftmp.AssemblyInfo.cs
A	Drilling.UI/obj/Debug/net8.0-windows/Drilling.UI_4cudgpnn_wpftmp.AssemblyInfoInputs.cache
A	Drilling.UI/obj/Debug/net8.0-windows/Drilling.UI_4cudgpnn_wpftmp.GeneratedMSBuildEditorConfig.editorconfig
A	Drilling.UI/obj/Debug/net8.0-windows/Drilling.UI_4cudgpnn_wpftmp.GlobalUsings.g.cs
A	Drilling.UI/obj/Debug/net8.0-windows/Drilling.UI_4cudgpnn_wpftmp.assets.cache
A	Drilling.UI/obj/Debug/net8.0-windows/Drilling.UI_4q4x0ayb_wpftmp.AssemblyInfo.cs
A	Drilling.UI/obj/Debug/net8.0-windows/Drilling.UI_4q4x0ayb_wpftmp.AssemblyInfoInputs.cache
A	Drilling.UI/obj/Debug/net8.0-windows/Drilling.UI_4q4x0ayb_wpftmp.GeneratedMSBuildEditorConfig.editorconfig
A	Drilling.UI/obj/Debug/net8.0-windows/Drilling.UI_4q4x0ayb_wpftmp.GlobalUsings.g.cs
A	Drilling.UI/obj/Debug/net8.0-windows/Drilling.UI_4q4x0ayb_wpftmp.assets.cache
A	Drilling.UI/obj/Debug/net8.0-windows/Drilling.UI_4xt4ovtz_wpftmp.AssemblyInfo.cs
A	Drilling.UI/obj/Debug/net8.0-windows/Drilling.UI_4xt4ovtz_wpftmp.AssemblyInfoInputs.cache
A	Drilling.UI/obj/Debug/net8.0-windows/Drilling.UI_4xt4ovtz_wpftmp.GeneratedMSBuildEditorConfig.editorconfig
A	Drilling.UI/obj/Debug/net8.0-windows/Drilling.UI_4xt4ovtz_wpftmp.GlobalUsings.g.cs
A	Drilling.UI/obj/Debug/net8.0-windows/Drilling.UI_4xt4ovtz_wpftmp.assets.cache
A	Drilling.UI/obj/Debug/net8.0-windows/Drilling.UI_4xt4ovtz_wpftmp.csproj.BuildWithSkipAnalyzers
A	Drilling.UI/obj/Debug/net8.0-windows/Drilling.UI_513vlxxt_wpftmp.AssemblyInfo.cs
A	Drilling.UI/obj/Debug/net8.0-windows/Drilling.UI_513vlxxt_wpftmp.AssemblyInfoInputs.cache
A	Drilling.UI/obj/Debug/net8.0-windows/Drilling.UI_513vlxxt_wpftmp.GeneratedMSBuildEditorConfig.editorconfig
A	Drilling.UI/obj/Debug/net8.0-windows/Drilling.UI_513vlxxt_wpftmp.GlobalUsings.g.cs
A	Drilling.UI/obj/Debug/net8.0-windows/Drilling.UI_513vlxxt_wpftmp.assets.cache
A	Drilling.UI/obj/Debug/net8.0-windows/Drilling.UI_513vlxxt_wpftmp.csproj.BuildWithSkipAnalyzers
A	Drilling.UI/obj/Debug/net8.0-windows/Drilling.UI_5jyikukp_wpftmp.AssemblyInfo.cs
A	Drilling.UI/obj/Debug/net8.0-windows/Drilling.UI_5jyikukp_wpftmp.AssemblyInfoInputs.cache
A	Drilling.UI/obj/Debug/net8.0-windows/Drilling.UI_5jyikukp_wpftmp.GeneratedMSBuildEditorConfig.editorconfig
A	Drilling.UI/obj/Debug/net8.0-windows/Drilling.UI_5jyikukp_wpftmp.GlobalUsings.g.cs
A	Drilling.UI/obj/Debug/net8.0-windows/Drilling.UI_5jyikukp_wpftmp.assets.cache
M	Drilling.UI/obj/Debug/net8.0-windows/Drilling.UI_MarkupCompile.cache
M	Drilling.UI/obj/Debug/net8.0-windows/Drilling.UI_MarkupCompile.i.cache
M	Drilling.UI/obj/Debug/net8.0-windows/Drilling.UI_MarkupCompile.i.lref
M	Drilling.UI/obj/Debug/net8.0-windows/Drilling.UI_MarkupCompile.lref
A	Drilling.UI/obj/Debug/net8.0-windows/Drilling.UI_a2jcvx45_wpftmp.AssemblyInfo.cs
A	Drilling.UI/obj/Debug/net8.0-windows/Drilling.UI_a2jcvx45_wpftmp.AssemblyInfoInputs.cache
A	Drilling.UI/obj/Debug/net8.0-windows/Drilling.UI_a2jcvx45_wpftmp.GeneratedMSBuildEditorConfig.editorconfig
A	Drilling.UI/obj/Debug/net8.0-windows/Drilling.UI_a2jcvx45_wpftmp.GlobalUsings.g.cs
A	Drilling.UI/obj/Debug/net8.0-windows/Drilling.UI_a2jcvx45_wpftmp.assets.cache
A	Drilling.UI/obj/Debug/net8.0-windows/Drilling.UI_aizl25kd_wpftmp.AssemblyInfo.cs
A	Drilling.UI/obj/Debug/net8.0-windows/Drilling.UI_aizl25kd_wpftmp.AssemblyInfoInputs.cache
A	Drilling.UI/obj/Debug/net8.0-windows/Drilling.UI_aizl25kd_wpftmp.GeneratedMSBuildEditorConfig.editorconfig
A	Drilling.UI/obj/Debug/net8.0-windows/Drilling.UI_aizl25kd_wpftmp.GlobalUsings.g.cs
A	Drilling.UI/obj/Debug/net8.0-windows/Drilling.UI_aizl25kd_wpftmp.assets.cache
A	Drilling.UI/obj/Debug/net8.0-windows/Drilling.UI_aizl25kd_wpftmp.csproj.BuildWithSkipAnalyzers
A	Drilling.UI/obj/Debug/net8.0-windows/Drilling.UI_axsqutta_wpftmp.AssemblyInfo.cs
A	Drilling.UI/obj/Debug/net8.0-windows/Drilling.UI_axsqutta_wpftmp.AssemblyInfoInputs.cache
A	Drilling.UI/obj/Debug/net8.0-windows/Drilling.UI_axsqutta_wpftmp.GeneratedMSBuildEditorConfig.editorconfig
A	Drilling.UI/obj/Debug/net8.0-windows/Drilling.UI_axsqutta_wpftmp.GlobalUsings.g.cs
A	Drilling.UI/obj/Debug/net8.0-windows/Drilling.UI_axsqutta_wpftmp.assets.cache
A	Drilling.UI/obj/Debug/net8.0-windows/Drilling.UI_axsqutta_wpftmp.csproj.BuildWithSkipAnalyzers
A	Drilling.UI/obj/Debug/net8.0-windows/Drilling.UI_bi001jos_wpftmp.AssemblyInfo.cs
A	Drilling.UI/obj/Debug/net8.0-windows/Drilling.UI_bi001jos_wpftmp.AssemblyInfoInputs.cache
A	Drilling.UI/obj/Debug/net8.0-windows/Drilling.UI_bi001jos_wpftmp.GeneratedMSBuildEditorConfig.editorconfig
A	Drilling.UI/obj/Debug/net8.0-windows/Drilling.UI_bi001jos_wpftmp.GlobalUsings.g.cs
A	Drilling.UI/obj/Debug/net8.0-windows/Drilling.UI_bi001jos_wpftmp.assets.cache
A	Drilling.UI/obj/Debug/net8.0-windows/Drilling.UI_bkafprrq_wpftmp.AssemblyInfo.cs
A	Drilling.UI/obj/Debug/net8.0-windows/Drilling.UI_bkafprrq_wpftmp.AssemblyInfoInputs.cache
A	Drilling.UI/obj/Debug/net8.0-windows/Drilling.UI_bkafprrq_wpftmp.GeneratedMSBuildEditorConfig.editorconfig
A	Drilling.UI/obj/Debug/net8.0-windows/Drilling.UI_bkafprrq_wpftmp.GlobalUsings.g.cs
A	Drilling.UI/obj/Debug/net8.0-windows/Drilling.UI_bkafprrq_wpftmp.assets.cache
A	Drilling.UI/obj/Debug/net8.0-windows/Drilling.UI_bkafprrq_wpftmp.csproj.BuildWithSkipAnalyzers
A	Drilling.UI/obj/Debug/net8.0-windows/Drilling.UI_bn43yzyx_wpftmp.AssemblyInfo.cs
A	Drilling.UI/obj/Debug/net8.0-windows/Drilling.UI_bn43yzyx_wpftmp.AssemblyInfoInputs.cache
A	Drilling.UI/obj/Debug/net8.0-windows/Drilling.UI_bn43yzyx_wpftmp.GeneratedMSBuildEditorConfig.editorconfig
A	Drilling.UI/obj/Debug/net8.0-windows/Drilling.UI_bn43yzyx_wpftmp.GlobalUsings.g.cs
A	Drilling.UI/obj/Debug/net8.0-windows/Drilling.UI_bn43yzyx_wpftmp.assets.cache
A	Drilling.UI/obj/Debug/net8.0-windows/Drilling.UI_ceho1jmb_wpftmp.AssemblyInfo.cs
A	Drilling.UI/obj/Debug/net8.0-windows/Drilling.UI_ceho1jmb_wpftmp.AssemblyInfoInputs.cache
A	Drilling.UI/obj/Debug/net8.0-windows/Drilling.UI_ceho1jmb_wpftmp.GeneratedMSBuildEditorConfig.editorconfig
A	Drilling.UI/obj/Debug/net8.0-windows/Drilling.UI_ceho1jmb_wpftmp.GlobalUsings.g.cs
A	Drilling.UI/obj/Debug/net8.0-windows/Drilling.UI_ceho1jmb_wpftmp.assets.cache
A	Drilling.UI/obj/Debug/net8.0-windows/Drilling.UI_cod3n5vo_wpftmp.AssemblyInfo.cs
A	Drilling.UI/obj/Debug/net8.0-windows/Drilling.UI_cod3n5vo_wpftmp.AssemblyInfoInputs.cache
A	Drilling.UI/obj/Debug/net8.0-windows/Drilling.UI_cod3n5vo_wpftmp.GeneratedMSBuildEditorConfig.editorconfig
A	Drilling.UI/obj/Debug/net8.0-windows/Drilling.UI_cod3n5vo_wpftmp.GlobalUsings.g.cs
A	Drilling.UI/obj/Debug/net8.0-windows/Drilling.UI_cod3n5vo_wpftmp.assets.cache
A	Drilling.UI/obj/Debug/net8.0-windows/Drilling.UI_cod3n5vo_wpftmp.csproj.BuildWithSkipAnalyzers
A	Drilling.UI/obj/Debug/net8.0-windows/Drilling.UI_cpt2fnyv_wpftmp.AssemblyInfo.cs
A	Drilling.UI/obj/Debug/net8.0-windows/Drilling.UI_cpt2fnyv_wpftmp.AssemblyInfoInputs.cache
A	Drilling.UI/obj/Debug/net8.0-windows/Drilling.UI_cpt2fnyv_wpftmp.GeneratedMSBuildEditorConfig.editorconfig
A	Drilling.UI/obj/Debug/net8.0-windows/Drilling.UI_cpt2fnyv_wpftmp.GlobalUsings.g.cs
A	Drilling.UI/obj/Debug/net8.0-windows/Drilling.UI_cpt2fnyv_wpftmp.assets.cache
A	Drilling.UI/obj/Debug/net8.0-windows/Drilling.UI_cpt2fnyv_wpftmp.csproj.BuildWithSkipAnalyzers
A	Drilling.UI/obj/Debug/net8.0-windows/Drilling.UI_cxi2kqik_wpftmp.AssemblyInfo.cs
A	Drilling.UI/obj/Debug/net8.0-windows/Drilling.UI_cxi2kqik_wpftmp.AssemblyInfoInputs.cache
A	Drilling.UI/obj/Debug/net8.0-windows/Drilling.UI_cxi2kqik_wpftmp.GeneratedMSBuildEditorConfig.editorconfig
A	Drilling.UI/obj/Debug/net8.0-windows/Drilling.UI_cxi2kqik_wpftmp.GlobalUsings.g.cs
A	Drilling.UI/obj/Debug/net8.0-windows/Drilling.UI_cxi2kqik_wpftmp.assets.cache
A	Drilling.UI/obj/Debug/net8.0-windows/Drilling.UI_cxi2kqik_wpftmp.csproj.BuildWithSkipAnalyzers
A	Drilling.UI/obj/Debug/net8.0-windows/Drilling.UI_d1flksbm_wpftmp.AssemblyInfo.cs
A	Drilling.UI/obj/Debug/net8.0-windows/Drilling.UI_d1flksbm_wpftmp.AssemblyInfoInputs.cache
A	Drilling.UI/obj/Debug/net8.0-windows/Drilling.UI_d1flksbm_wpftmp.GeneratedMSBuildEditorConfig.editorconfig
A	Drilling.UI/obj/Debug/net8.0-windows/Drilling.UI_d1flksbm_wpftmp.GlobalUsings.g.cs
A	Drilling.UI/obj/Debug/net8.0-windows/Drilling.UI_d1flksbm_wpftmp.assets.cache
A	Drilling.UI/obj/Debug/net8.0-windows/Drilling.UI_eq0us0m2_wpftmp.AssemblyInfo.cs
A	Drilling.UI/obj/Debug/net8.0-windows/Drilling.UI_eq0us0m2_wpftmp.AssemblyInfoInputs.cache
A	Drilling.UI/obj/Debug/net8.0-windows/Drilling.UI_eq0us0m2_wpftmp.GeneratedMSBuildEditorConfig.editorconfig
A	Drilling.UI/obj/Debug/net8.0-windows/Drilling.UI_eq0us0m2_wpftmp.GlobalUsings.g.cs
A	Drilling.UI/obj/Debug/net8.0-windows/Drilling.UI_eq0us0m2_wpftmp.assets.cache
A	Drilling.UI/obj/Debug/net8.0-windows/Drilling.UI_eu0j0x3c_wpftmp.AssemblyInfo.cs
A	Drilling.UI/obj/Debug/net8.0-windows/Drilling.UI_eu0j0x3c_wpftmp.AssemblyInfoInputs.cache
A	Drilling.UI/obj/Debug/net8.0-windows/Drilling.UI_eu0j0x3c_wpftmp.GeneratedMSBuildEditorConfig.editorconfig
A	Drilling.UI/obj/Debug/net8.0-windows/Drilling.UI_eu0j0x3c_wpftmp.GlobalUsings.g.cs
A	Drilling.UI/obj/Debug/net8.0-windows/Drilling.UI_eu0j0x3c_wpftmp.assets.cache
A	Drilling.UI/obj/Debug/net8.0-windows/Drilling.UI_eu0j0x3c_wpftmp.csproj.BuildWithSkipAnalyzers
A	Drilling.UI/obj/Debug/net8.0-windows/Drilling.UI_f30ig3gh_wpftmp.AssemblyInfo.cs
A	Drilling.UI/obj/Debug/net8.0-windows/Drilling.UI_f30ig3gh_wpftmp.AssemblyInfoInputs.cache
A	Drilling.UI/obj/Debug/net8.0-windows/Drilling.UI_f30ig3gh_wpftmp.GeneratedMSBuildEditorConfig.editorconfig
A	Drilling.UI/obj/Debug/net8.0-windows/Drilling.UI_f30ig3gh_wpftmp.GlobalUsings.g.cs
A	Drilling.UI/obj/Debug/net8.0-windows/Drilling.UI_f30ig3gh_wpftmp.assets.cache
A	Drilling.UI/obj/Debug/net8.0-windows/Drilling.UI_f30ig3gh_wpftmp.csproj.BuildWithSkipAnalyzers
A	Drilling.UI/obj/Debug/net8.0-windows/Drilling.UI_fly0kgaz_wpftmp.AssemblyInfo.cs
A	Drilling.UI/obj/Debug/net8.0-windows/Drilling.UI_fly0kgaz_wpftmp.AssemblyInfoInputs.cache
A	Drilling.UI/obj/Debug/net8.0-windows/Drilling.UI_fly0kgaz_wpftmp.GeneratedMSBuildEditorConfig.editorconfig
A	Drilling.UI/obj/Debug/net8.0-windows/Drilling.UI_fly0kgaz_wpftmp.GlobalUsings.g.cs
A	Drilling.UI/obj/Debug/net8.0-windows/Drilling.UI_fly0kgaz_wpftmp.assets.cache
A	Drilling.UI/obj/Debug/net8.0-windows/Drilling.UI_fly0kgaz_wpftmp.csproj.BuildWithSkipAnalyzers
A	Drilling.UI/obj/Debug/net8.0-windows/Drilling.UI_gwmxapob_wpftmp.AssemblyInfo.cs
A	Drilling.UI/obj/Debug/net8.0-windows/Drilling.UI_gwmxapob_wpftmp.AssemblyInfoInputs.cache
A	Drilling.UI/obj/Debug/net8.0-windows/Drilling.UI_gwmxapob_wpftmp.GeneratedMSBuildEditorConfig.editorconfig
A	Drilling.UI/obj/Debug/net8.0-windows/Drilling.UI_gwmxapob_wpftmp.GlobalUsings.g.cs
A	Drilling.UI/obj/Debug/net8.0-windows/Drilling.UI_gwmxapob_wpftmp.assets.cache
A	Drilling.UI/obj/Debug/net8.0-windows/Drilling.UI_gwmxapob_wpftmp.csproj.BuildWithSkipAnalyzers
A	Drilling.UI/obj/Debug/net8.0-windows/Drilling.UI_gyrw1pee_wpftmp.AssemblyInfo.cs
A	Drilling.UI/obj/Debug/net8.0-windows/Drilling.UI_gyrw1pee_wpftmp.AssemblyInfoInputs.cache
A	Drilling.UI/obj/Debug/net8.0-windows/Drilling.UI_gyrw1pee_wpftmp.GeneratedMSBuildEditorConfig.editorconfig
A	Drilling.UI/obj/Debug/net8.0-windows/Drilling.UI_gyrw1pee_wpftmp.GlobalUsings.g.cs
A	Drilling.UI/obj/Debug/net8.0-windows/Drilling.UI_gyrw1pee_wpftmp.assets.cache
A	Drilling.UI/obj/Debug/net8.0-windows/Drilling.UI_he2pxnze_wpftmp.AssemblyInfo.cs
A	Drilling.UI/obj/Debug/net8.0-windows/Drilling.UI_he2pxnze_wpftmp.AssemblyInfoInputs.cache
A	Drilling.UI/obj/Debug/net8.0-windows/Drilling.UI_he2pxnze_wpftmp.GeneratedMSBuildEditorConfig.editorconfig
A	Drilling.UI/obj/Debug/net8.0-windows/Drilling.UI_he2pxnze_wpftmp.GlobalUsings.g.cs
A	Drilling.UI/obj/Debug/net8.0-windows/Drilling.UI_he2pxnze_wpftmp.assets.cache
A	Drilling.UI/obj/Debug/net8.0-windows/Drilling.UI_hqz2jhbr_wpftmp.AssemblyInfo.cs
A	Drilling.UI/obj/Debug/net8.0-windows/Drilling.UI_hqz2jhbr_wpftmp.AssemblyInfoInputs.cache
A	Drilling.UI/obj/Debug/net8.0-windows/Drilling.UI_hqz2jhbr_wpftmp.GeneratedMSBuildEditorConfig.editorconfig
A	Drilling.UI/obj/Debug/net8.0-windows/Drilling.UI_hqz2jhbr_wpftmp.GlobalUsings.g.cs
A	Drilling.UI/obj/Debug/net8.0-windows/Drilling.UI_hqz2jhbr_wpftmp.assets.cache
A	Drilling.UI/obj/Debug/net8.0-windows/Drilling.UI_hqz2jhbr_wpftmp.csproj.BuildWithSkipAnalyzers
A	Drilling.UI/obj/Debug/net8.0-windows/Drilling.UI_hsvjavut_wpftmp.AssemblyInfo.cs
A	Drilling.UI/obj/Debug/net8.0-windows/Drilling.UI_hsvjavut_wpftmp.AssemblyInfoInputs.cache
A	Drilling.UI/obj/Debug/net8.0-windows/Drilling.UI_hsvjavut_wpftmp.GeneratedMSBuildEditorConfig.editorconfig
A	Drilling.UI/obj/Debug/net8.0-windows/Drilling.UI_hsvjavut_wpftmp.GlobalUsings.g.cs
A	Drilling.UI/obj/Debug/net8.0-windows/Drilling.UI_hsvjavut_wpftmp.assets.cache
A	Drilling.UI/obj/Debug/net8.0-windows/Drilling.UI_j4vrr1ov_wpftmp.AssemblyInfo.cs
A	Drilling.UI/obj/Debug/net8.0-windows/Drilling.UI_j4vrr1ov_wpftmp.AssemblyInfoInputs.cache
A	Drilling.UI/obj/Debug/net8.0-windows/Drilling.UI_j4vrr1ov_wpftmp.GeneratedMSBuildEditorConfig.editorconfig
A	Drilling.UI/obj/Debug/net8.0-windows/Drilling.UI_j4vrr1ov_wpftmp.GlobalUsings.g.cs
A	Drilling.UI/obj/Debug/net8.0-windows/Drilling.UI_j4vrr1ov_wpftmp.assets.cache
A	Drilling.UI/obj/Debug/net8.0-windows/Drilling.UI_jpsnjngs_wpftmp.AssemblyInfo.cs
A	Drilling.UI/obj/Debug/net8.0-windows/Drilling.UI_jpsnjngs_wpftmp.AssemblyInfoInputs.cache
A	Drilling.UI/obj/Debug/net8.0-windows/Drilling.UI_jpsnjngs_wpftmp.GeneratedMSBuildEditorConfig.editorconfig
A	Drilling.UI/obj/Debug/net8.0-windows/Drilling.UI_jpsnjngs_wpftmp.GlobalUsings.g.cs
A	Drilling.UI/obj/Debug/net8.0-windows/Drilling.UI_jpsnjngs_wpftmp.assets.cache
A	Drilling.UI/obj/Debug/net8.0-windows/Drilling.UI_jpsnjngs_wpftmp.csproj.BuildWithSkipAnalyzers
A	Drilling.UI/obj/Debug/net8.0-windows/Drilling.UI_jx1ryul4_wpftmp.AssemblyInfo.cs
A	Drilling.UI/obj/Debug/net8.0-windows/Drilling.UI_jx1ryul4_wpftmp.AssemblyInfoInputs.cache
A	Drilling.UI/obj/Debug/net8.0-windows/Drilling.UI_jx1ryul4_wpftmp.GeneratedMSBuildEditorConfig.editorconfig
A	Drilling.UI/obj/Debug/net8.0-windows/Drilling.UI_jx1ryul4_wpftmp.GlobalUsings.g.cs
A	Drilling.UI/obj/Debug/net8.0-windows/Drilling.UI_jx1ryul4_wpftmp.assets.cache
A	Drilling.UI/obj/Debug/net8.0-windows/Drilling.UI_jx1ryul4_wpftmp.csproj.BuildWithSkipAnalyzers
A	Drilling.UI/obj/Debug/net8.0-windows/Drilling.UI_kb42bar5_wpftmp.AssemblyInfo.cs
A	Drilling.UI/obj/Debug/net8.0-windows/Drilling.UI_kb42bar5_wpftmp.AssemblyInfoInputs.cache
A	Drilling.UI/obj/Debug/net8.0-windows/Drilling.UI_kb42bar5_wpftmp.GeneratedMSBuildEditorConfig.editorconfig
A	Drilling.UI/obj/Debug/net8.0-windows/Drilling.UI_kb42bar5_wpftmp.GlobalUsings.g.cs
A	Drilling.UI/obj/Debug/net8.0-windows/Drilling.UI_kb42bar5_wpftmp.assets.cache
A	Drilling.UI/obj/Debug/net8.0-windows/Drilling.UI_kb42bar5_wpftmp.csproj.BuildWithSkipAnalyzers
A	Drilling.UI/obj/Debug/net8.0-windows/Drilling.UI_klye3qxd_wpftmp.AssemblyInfo.cs
A	Drilling.UI/obj/Debug/net8.0-windows/Drilling.UI_klye3qxd_wpftmp.AssemblyInfoInputs.cache
A	Drilling.UI/obj/Debug/net8.0-windows/Drilling.UI_klye3qxd_wpftmp.GeneratedMSBuildEditorConfig.editorconfig
A	Drilling.UI/obj/Debug/net8.0-windows/Drilling.UI_klye3qxd_wpftmp.GlobalUsings.g.cs
A	Drilling.UI/obj/Debug/net8.0-windows/Drilling.UI_klye3qxd_wpftmp.assets.cache
A	Drilling.UI/obj/Debug/net8.0-windows/Drilling.UI_klye3qxd_wpftmp.sourcelink.json
A	Drilling.UI/obj/Debug/net8.0-windows/Drilling.UI_kxzdwhej_wpftmp.AssemblyInfo.cs
A	Drilling.UI/obj/Debug/net8.0-windows/Drilling.UI_kxzdwhej_wpftmp.AssemblyInfoInputs.cache
A	Drilling.UI/obj/Debug/net8.0-windows/Drilling.UI_kxzdwhej_wpftmp.GeneratedMSBuildEditorConfig.editorconfig
A	Drilling.UI/obj/Debug/net8.0-windows/Drilling.UI_kxzdwhej_wpftmp.GlobalUsings.g.cs
A	Drilling.UI/obj/Debug/net8.0-windows/Drilling.UI_kxzdwhej_wpftmp.assets.cache
A	Drilling.UI/obj/Debug/net8.0-windows/Drilling.UI_kxzdwhej_wpftmp.csproj.BuildWithSkipAnalyzers
A	Drilling.UI/obj/Debug/net8.0-windows/Drilling.UI_lrwpgpdj_wpftmp.AssemblyInfo.cs
A	Drilling.UI/obj/Debug/net8.0-windows/Drilling.UI_lrwpgpdj_wpftmp.AssemblyInfoInputs.cache
A	Drilling.UI/obj/Debug/net8.0-windows/Drilling.UI_lrwpgpdj_wpftmp.GeneratedMSBuildEditorConfig.editorconfig
A	Drilling.UI/obj/Debug/net8.0-windows/Drilling.UI_lrwpgpdj_wpftmp.GlobalUsings.g.cs
A	Drilling.UI/obj/Debug/net8.0-windows/Drilling.UI_lrwpgpdj_wpftmp.assets.cache
A	Drilling.UI/obj/Debug/net8.0-windows/Drilling.UI_lrwpgpdj_wpftmp.csproj.BuildWithSkipAnalyzers
A	Drilling.UI/obj/Debug/net8.0-windows/Drilling.UI_maxx3fgx_wpftmp.AssemblyInfo.cs
A	Drilling.UI/obj/Debug/net8.0-windows/Drilling.UI_maxx3fgx_wpftmp.AssemblyInfoInputs.cache
A	Drilling.UI/obj/Debug/net8.0-windows/Drilling.UI_maxx3fgx_wpftmp.GeneratedMSBuildEditorConfig.editorconfig
A	Drilling.UI/obj/Debug/net8.0-windows/Drilling.UI_maxx3fgx_wpftmp.GlobalUsings.g.cs
A	Drilling.UI/obj/Debug/net8.0-windows/Drilling.UI_maxx3fgx_wpftmp.assets.cache
A	Drilling.UI/obj/Debug/net8.0-windows/Drilling.UI_maxx3fgx_wpftmp.csproj.BuildWithSkipAnalyzers
A	Drilling.UI/obj/Debug/net8.0-windows/Drilling.UI_md2s3mjs_wpftmp.AssemblyInfo.cs
A	Drilling.UI/obj/Debug/net8.0-windows/Drilling.UI_md2s3mjs_wpftmp.AssemblyInfoInputs.cache
A	Drilling.UI/obj/Debug/net8.0-windows/Drilling.UI_md2s3mjs_wpftmp.GeneratedMSBuildEditorConfig.editorconfig
A	Drilling.UI/obj/Debug/net8.0-windows/Drilling.UI_md2s3mjs_wpftmp.GlobalUsings.g.cs
A	Drilling.UI/obj/Debug/net8.0-windows/Drilling.UI_md2s3mjs_wpftmp.assets.cache
A	Drilling.UI/obj/Debug/net8.0-windows/Drilling.UI_mksqwmeu_wpftmp.AssemblyInfo.cs
A	Drilling.UI/obj/Debug/net8.0-windows/Drilling.UI_mksqwmeu_wpftmp.AssemblyInfoInputs.cache
A	Drilling.UI/obj/Debug/net8.0-windows/Drilling.UI_mksqwmeu_wpftmp.GeneratedMSBuildEditorConfig.editorconfig
A	Drilling.UI/obj/Debug/net8.0-windows/Drilling.UI_mksqwmeu_wpftmp.GlobalUsings.g.cs
A	Drilling.UI/obj/Debug/net8.0-windows/Drilling.UI_mksqwmeu_wpftmp.assets.cache
A	Drilling.UI/obj/Debug/net8.0-windows/Drilling.UI_mmg5cjk1_wpftmp.AssemblyInfo.cs
A	Drilling.UI/obj/Debug/net8.0-windows/Drilling.UI_mmg5cjk1_wpftmp.AssemblyInfoInputs.cache
A	Drilling.UI/obj/Debug/net8.0-windows/Drilling.UI_mmg5cjk1_wpftmp.GeneratedMSBuildEditorConfig.editorconfig
A	Drilling.UI/obj/Debug/net8.0-windows/Drilling.UI_mmg5cjk1_wpftmp.GlobalUsings.g.cs
A	Drilling.UI/obj/Debug/net8.0-windows/Drilling.UI_mmg5cjk1_wpftmp.assets.cache
A	Drilling.UI/obj/Debug/net8.0-windows/Drilling.UI_ne0jfkh2_wpftmp.AssemblyInfo.cs
A	Drilling.UI/obj/Debug/net8.0-windows/Drilling.UI_ne0jfkh2_wpftmp.AssemblyInfoInputs.cache
A	Drilling.UI/obj/Debug/net8.0-windows/Drilling.UI_ne0jfkh2_wpftmp.GeneratedMSBuildEditorConfig.editorconfig
A	Drilling.UI/obj/Debug/net8.0-windows/Drilling.UI_ne0jfkh2_wpftmp.GlobalUsings.g.cs
A	Drilling.UI/obj/Debug/net8.0-windows/Drilling.UI_ne0jfkh2_wpftmp.assets.cache
A	Drilling.UI/obj/Debug/net8.0-windows/Drilling.UI_ntzjkgfr_wpftmp.AssemblyInfo.cs
A	Drilling.UI/obj/Debug/net8.0-windows/Drilling.UI_ntzjkgfr_wpftmp.AssemblyInfoInputs.cache
A	Drilling.UI/obj/Debug/net8.0-windows/Drilling.UI_ntzjkgfr_wpftmp.GeneratedMSBuildEditorConfig.editorconfig
A	Drilling.UI/obj/Debug/net8.0-windows/Drilling.UI_ntzjkgfr_wpftmp.GlobalUsings.g.cs
A	Drilling.UI/obj/Debug/net8.0-windows/Drilling.UI_ntzjkgfr_wpftmp.assets.cache
A	Drilling.UI/obj/Debug/net8.0-windows/Drilling.UI_nyaiox4s_wpftmp.AssemblyInfo.cs
A	Drilling.UI/obj/Debug/net8.0-windows/Drilling.UI_nyaiox4s_wpftmp.AssemblyInfoInputs.cache
A	Drilling.UI/obj/Debug/net8.0-windows/Drilling.UI_nyaiox4s_wpftmp.GeneratedMSBuildEditorConfig.editorconfig
A	Drilling.UI/obj/Debug/net8.0-windows/Drilling.UI_nyaiox4s_wpftmp.GlobalUsings.g.cs
A	Drilling.UI/obj/Debug/net8.0-windows/Drilling.UI_nyaiox4s_wpftmp.assets.cache
A	Drilling.UI/obj/Debug/net8.0-windows/Drilling.UI_nyaiox4s_wpftmp.csproj.BuildWithSkipAnalyzers
A	Drilling.UI/obj/Debug/net8.0-windows/Drilling.UI_ocfsa0un_wpftmp.AssemblyInfo.cs
A	Drilling.UI/obj/Debug/net8.0-windows/Drilling.UI_ocfsa0un_wpftmp.AssemblyInfoInputs.cache
A	Drilling.UI/obj/Debug/net8.0-windows/Drilling.UI_ocfsa0un_wpftmp.GeneratedMSBuildEditorConfig.editorconfig
A	Drilling.UI/obj/Debug/net8.0-windows/Drilling.UI_ocfsa0un_wpftmp.GlobalUsings.g.cs
A	Drilling.UI/obj/Debug/net8.0-windows/Drilling.UI_ocfsa0un_wpftmp.assets.cache
A	Drilling.UI/obj/Debug/net8.0-windows/Drilling.UI_odx25fle_wpftmp.AssemblyInfo.cs
A	Drilling.UI/obj/Debug/net8.0-windows/Drilling.UI_odx25fle_wpftmp.AssemblyInfoInputs.cache
A	Drilling.UI/obj/Debug/net8.0-windows/Drilling.UI_odx25fle_wpftmp.GeneratedMSBuildEditorConfig.editorconfig
A	Drilling.UI/obj/Debug/net8.0-windows/Drilling.UI_odx25fle_wpftmp.GlobalUsings.g.cs
A	Drilling.UI/obj/Debug/net8.0-windows/Drilling.UI_odx25fle_wpftmp.assets.cache
A	Drilling.UI/obj/Debug/net8.0-windows/Drilling.UI_ok3zzbbh_wpftmp.AssemblyInfo.cs
A	Drilling.UI/obj/Debug/net8.0-windows/Drilling.UI_ok3zzbbh_wpftmp.AssemblyInfoInputs.cache
A	Drilling.UI/obj/Debug/net8.0-windows/Drilling.UI_ok3zzbbh_wpftmp.GeneratedMSBuildEditorConfig.editorconfig
A	Drilling.UI/obj/Debug/net8.0-windows/Drilling.UI_ok3zzbbh_wpftmp.GlobalUsings.g.cs
A	Drilling.UI/obj/Debug/net8.0-windows/Drilling.UI_ok3zzbbh_wpftmp.assets.cache
A	Drilling.UI/obj/Debug/net8.0-windows/Drilling.UI_ok3zzbbh_wpftmp.csproj.BuildWithSkipAnalyzers
A	Drilling.UI/obj/Debug/net8.0-windows/Drilling.UI_ol5r0kf2_wpftmp.AssemblyInfo.cs
A	Drilling.UI/obj/Debug/net8.0-windows/Drilling.UI_ol5r0kf2_wpftmp.AssemblyInfoInputs.cache
A	Drilling.UI/obj/Debug/net8.0-windows/Drilling.UI_ol5r0kf2_wpftmp.GeneratedMSBuildEditorConfig.editorconfig
A	Drilling.UI/obj/Debug/net8.0-windows/Drilling.UI_ol5r0kf2_wpftmp.GlobalUsings.g.cs
A	Drilling.UI/obj/Debug/net8.0-windows/Drilling.UI_ol5r0kf2_wpftmp.assets.cache
A	Drilling.UI/obj/Debug/net8.0-windows/Drilling.UI_ovp2sm4w_wpftmp.AssemblyInfo.cs
A	Drilling.UI/obj/Debug/net8.0-windows/Drilling.UI_ovp2sm4w_wpftmp.AssemblyInfoInputs.cache
A	Drilling.UI/obj/Debug/net8.0-windows/Drilling.UI_ovp2sm4w_wpftmp.GeneratedMSBuildEditorConfig.editorconfig
A	Drilling.UI/obj/Debug/net8.0-windows/Drilling.UI_ovp2sm4w_wpftmp.GlobalUsings.g.cs
A	Drilling.UI/obj/Debug/net8.0-windows/Drilling.UI_ovp2sm4w_wpftmp.assets.cache
A	Drilling.UI/obj/Debug/net8.0-windows/Drilling.UI_pfizf44t_wpftmp.AssemblyInfo.cs
A	Drilling.UI/obj/Debug/net8.0-windows/Drilling.UI_pfizf44t_wpftmp.AssemblyInfoInputs.cache
A	Drilling.UI/obj/Debug/net8.0-windows/Drilling.UI_pfizf44t_wpftmp.GeneratedMSBuildEditorConfig.editorconfig
A	Drilling.UI/obj/Debug/net8.0-windows/Drilling.UI_pfizf44t_wpftmp.GlobalUsings.g.cs
A	Drilling.UI/obj/Debug/net8.0-windows/Drilling.UI_pfizf44t_wpftmp.assets.cache
A	Drilling.UI/obj/Debug/net8.0-windows/Drilling.UI_pfizf44t_wpftmp.csproj.BuildWithSkipAnalyzers
A	Drilling.UI/obj/Debug/net8.0-windows/Drilling.UI_ps1bfrzk_wpftmp.AssemblyInfo.cs
A	Drilling.UI/obj/Debug/net8.0-windows/Drilling.UI_ps1bfrzk_wpftmp.AssemblyInfoInputs.cache
A	Drilling.UI/obj/Debug/net8.0-windows/Drilling.UI_ps1bfrzk_wpftmp.GeneratedMSBuildEditorConfig.editorconfig
A	Drilling.UI/obj/Debug/net8.0-windows/Drilling.UI_ps1bfrzk_wpftmp.GlobalUsings.g.cs
A	Drilling.UI/obj/Debug/net8.0-windows/Drilling.UI_ps1bfrzk_wpftmp.assets.cache
A	Drilling.UI/obj/Debug/net8.0-windows/Drilling.UI_ps1bfrzk_wpftmp.csproj.BuildWithSkipAnalyzers
A	Drilling.UI/obj/Debug/net8.0-windows/Drilling.UI_q1h0i25f_wpftmp.AssemblyInfo.cs
A	Drilling.UI/obj/Debug/net8.0-windows/Drilling.UI_q1h0i25f_wpftmp.AssemblyInfoInputs.cache
A	Drilling.UI/obj/Debug/net8.0-windows/Drilling.UI_q1h0i25f_wpftmp.GeneratedMSBuildEditorConfig.editorconfig
A	Drilling.UI/obj/Debug/net8.0-windows/Drilling.UI_q1h0i25f_wpftmp.GlobalUsings.g.cs
A	Drilling.UI/obj/Debug/net8.0-windows/Drilling.UI_q1h0i25f_wpftmp.assets.cache
A	Drilling.UI/obj/Debug/net8.0-windows/Drilling.UI_qg1e4n4g_wpftmp.AssemblyInfo.cs
A	Drilling.UI/obj/Debug/net8.0-windows/Drilling.UI_qg1e4n4g_wpftmp.AssemblyInfoInputs.cache
A	Drilling.UI/obj/Debug/net8.0-windows/Drilling.UI_qg1e4n4g_wpftmp.GeneratedMSBuildEditorConfig.editorconfig
A	Drilling.UI/obj/Debug/net8.0-windows/Drilling.UI_qg1e4n4g_wpftmp.GlobalUsings.g.cs
A	Drilling.UI/obj/Debug/net8.0-windows/Drilling.UI_qg1e4n4g_wpftmp.assets.cache
A	Drilling.UI/obj/Debug/net8.0-windows/Drilling.UI_qg1e4n4g_wpftmp.csproj.BuildWithSkipAnalyzers
A	Drilling.UI/obj/Debug/net8.0-windows/Drilling.UI_qrgwg4og_wpftmp.AssemblyInfo.cs
A	Drilling.UI/obj/Debug/net8.0-windows/Drilling.UI_qrgwg4og_wpftmp.AssemblyInfoInputs.cache
A	Drilling.UI/obj/Debug/net8.0-windows/Drilling.UI_qrgwg4og_wpftmp.GeneratedMSBuildEditorConfig.editorconfig
A	Drilling.UI/obj/Debug/net8.0-windows/Drilling.UI_qrgwg4og_wpftmp.GlobalUsings.g.cs
A	Drilling.UI/obj/Debug/net8.0-windows/Drilling.UI_qrgwg4og_wpftmp.assets.cache
A	Drilling.UI/obj/Debug/net8.0-windows/Drilling.UI_quibag2x_wpftmp.AssemblyInfo.cs
A	Drilling.UI/obj/Debug/net8.0-windows/Drilling.UI_quibag2x_wpftmp.AssemblyInfoInputs.cache
A	Drilling.UI/obj/Debug/net8.0-windows/Drilling.UI_quibag2x_wpftmp.GeneratedMSBuildEditorConfig.editorconfig
A	Drilling.UI/obj/Debug/net8.0-windows/Drilling.UI_quibag2x_wpftmp.GlobalUsings.g.cs
A	Drilling.UI/obj/Debug/net8.0-windows/Drilling.UI_quibag2x_wpftmp.assets.cache
A	Drilling.UI/obj/Debug/net8.0-windows/Drilling.UI_rgjfg3ew_wpftmp.AssemblyInfo.cs
A	Drilling.UI/obj/Debug/net8.0-windows/Drilling.UI_rgjfg3ew_wpftmp.AssemblyInfoInputs.cache
A	Drilling.UI/obj/Debug/net8.0-windows/Drilling.UI_rgjfg3ew_wpftmp.GeneratedMSBuildEditorConfig.editorconfig
A	Drilling.UI/obj/Debug/net8.0-windows/Drilling.UI_rgjfg3ew_wpftmp.GlobalUsings.g.cs
A	Drilling.UI/obj/Debug/net8.0-windows/Drilling.UI_rgjfg3ew_wpftmp.assets.cache
A	Drilling.UI/obj/Debug/net8.0-windows/Drilling.UI_rnogl2cg_wpftmp.AssemblyInfo.cs
A	Drilling.UI/obj/Debug/net8.0-windows/Drilling.UI_rnogl2cg_wpftmp.AssemblyInfoInputs.cache
A	Drilling.UI/obj/Debug/net8.0-windows/Drilling.UI_rnogl2cg_wpftmp.GeneratedMSBuildEditorConfig.editorconfig
A	Drilling.UI/obj/Debug/net8.0-windows/Drilling.UI_rnogl2cg_wpftmp.GlobalUsings.g.cs
A	Drilling.UI/obj/Debug/net8.0-windows/Drilling.UI_rnogl2cg_wpftmp.assets.cache
A	Drilling.UI/obj/Debug/net8.0-windows/Drilling.UI_rrsycyz5_wpftmp.AssemblyInfo.cs
A	Drilling.UI/obj/Debug/net8.0-windows/Drilling.UI_rrsycyz5_wpftmp.AssemblyInfoInputs.cache
A	Drilling.UI/obj/Debug/net8.0-windows/Drilling.UI_rrsycyz5_wpftmp.GeneratedMSBuildEditorConfig.editorconfig
A	Drilling.UI/obj/Debug/net8.0-windows/Drilling.UI_rrsycyz5_wpftmp.GlobalUsings.g.cs
A	Drilling.UI/obj/Debug/net8.0-windows/Drilling.UI_rrsycyz5_wpftmp.assets.cache
A	Drilling.UI/obj/Debug/net8.0-windows/Drilling.UI_rrsycyz5_wpftmp.csproj.BuildWithSkipAnalyzers
A	Drilling.UI/obj/Debug/net8.0-windows/Drilling.UI_ss0y3v5g_wpftmp.AssemblyInfo.cs
A	Drilling.UI/obj/Debug/net8.0-windows/Drilling.UI_ss0y3v5g_wpftmp.AssemblyInfoInputs.cache
A	Drilling.UI/obj/Debug/net8.0-windows/Drilling.UI_ss0y3v5g_wpftmp.GeneratedMSBuildEditorConfig.editorconfig
A	Drilling.UI/obj/Debug/net8.0-windows/Drilling.UI_ss0y3v5g_wpftmp.GlobalUsings.g.cs
A	Drilling.UI/obj/Debug/net8.0-windows/Drilling.UI_ss0y3v5g_wpftmp.assets.cache
A	Drilling.UI/obj/Debug/net8.0-windows/Drilling.UI_ss0y3v5g_wpftmp.csproj.BuildWithSkipAnalyzers
A	Drilling.UI/obj/Debug/net8.0-windows/Drilling.UI_subijady_wpftmp.AssemblyInfo.cs
A	Drilling.UI/obj/Debug/net8.0-windows/Drilling.UI_subijady_wpftmp.AssemblyInfoInputs.cache
A	Drilling.UI/obj/Debug/net8.0-windows/Drilling.UI_subijady_wpftmp.GeneratedMSBuildEditorConfig.editorconfig
A	Drilling.UI/obj/Debug/net8.0-windows/Drilling.UI_subijady_wpftmp.GlobalUsings.g.cs
A	Drilling.UI/obj/Debug/net8.0-windows/Drilling.UI_subijady_wpftmp.assets.cache
A	Drilling.UI/obj/Debug/net8.0-windows/Drilling.UI_tag11x2n_wpftmp.AssemblyInfo.cs
A	Drilling.UI/obj/Debug/net8.0-windows/Drilling.UI_tag11x2n_wpftmp.AssemblyInfoInputs.cache
A	Drilling.UI/obj/Debug/net8.0-windows/Drilling.UI_tag11x2n_wpftmp.GeneratedMSBuildEditorConfig.editorconfig
A	Drilling.UI/obj/Debug/net8.0-windows/Drilling.UI_tag11x2n_wpftmp.GlobalUsings.g.cs
A	Drilling.UI/obj/Debug/net8.0-windows/Drilling.UI_tag11x2n_wpftmp.assets.cache
A	Drilling.UI/obj/Debug/net8.0-windows/Drilling.UI_un23r0fz_wpftmp.AssemblyInfo.cs
A	Drilling.UI/obj/Debug/net8.0-windows/Drilling.UI_un23r0fz_wpftmp.AssemblyInfoInputs.cache
A	Drilling.UI/obj/Debug/net8.0-windows/Drilling.UI_un23r0fz_wpftmp.GeneratedMSBuildEditorConfig.editorconfig
A	Drilling.UI/obj/Debug/net8.0-windows/Drilling.UI_un23r0fz_wpftmp.GlobalUsings.g.cs
A	Drilling.UI/obj/Debug/net8.0-windows/Drilling.UI_un23r0fz_wpftmp.assets.cache
A	Drilling.UI/obj/Debug/net8.0-windows/Drilling.UI_v0y2e2wn_wpftmp.AssemblyInfo.cs
A	Drilling.UI/obj/Debug/net8.0-windows/Drilling.UI_v0y2e2wn_wpftmp.AssemblyInfoInputs.cache
A	Drilling.UI/obj/Debug/net8.0-windows/Drilling.UI_v0y2e2wn_wpftmp.GeneratedMSBuildEditorConfig.editorconfig
A	Drilling.UI/obj/Debug/net8.0-windows/Drilling.UI_v0y2e2wn_wpftmp.GlobalUsings.g.cs
A	Drilling.UI/obj/Debug/net8.0-windows/Drilling.UI_v0y2e2wn_wpftmp.assets.cache
A	Drilling.UI/obj/Debug/net8.0-windows/Drilling.UI_v0y2e2wn_wpftmp.csproj.BuildWithSkipAnalyzers
A	Drilling.UI/obj/Debug/net8.0-windows/Drilling.UI_vbejph2b_wpftmp.AssemblyInfo.cs
A	Drilling.UI/obj/Debug/net8.0-windows/Drilling.UI_vbejph2b_wpftmp.AssemblyInfoInputs.cache
A	Drilling.UI/obj/Debug/net8.0-windows/Drilling.UI_vbejph2b_wpftmp.GeneratedMSBuildEditorConfig.editorconfig
A	Drilling.UI/obj/Debug/net8.0-windows/Drilling.UI_vbejph2b_wpftmp.GlobalUsings.g.cs
A	Drilling.UI/obj/Debug/net8.0-windows/Drilling.UI_vbejph2b_wpftmp.assets.cache
A	Drilling.UI/obj/Debug/net8.0-windows/Drilling.UI_vbh5ma1v_wpftmp.AssemblyInfo.cs
A	Drilling.UI/obj/Debug/net8.0-windows/Drilling.UI_vbh5ma1v_wpftmp.AssemblyInfoInputs.cache
A	Drilling.UI/obj/Debug/net8.0-windows/Drilling.UI_vbh5ma1v_wpftmp.GeneratedMSBuildEditorConfig.editorconfig
A	Drilling.UI/obj/Debug/net8.0-windows/Drilling.UI_vbh5ma1v_wpftmp.GlobalUsings.g.cs
A	Drilling.UI/obj/Debug/net8.0-windows/Drilling.UI_vbh5ma1v_wpftmp.assets.cache
A	Drilling.UI/obj/Debug/net8.0-windows/Drilling.UI_vbh5ma1v_wpftmp.csproj.BuildWithSkipAnalyzers
A	Drilling.UI/obj/Debug/net8.0-windows/Drilling.UI_vfhnzzex_wpftmp.AssemblyInfo.cs
A	Drilling.UI/obj/Debug/net8.0-windows/Drilling.UI_vfhnzzex_wpftmp.AssemblyInfoInputs.cache
A	Drilling.UI/obj/Debug/net8.0-windows/Drilling.UI_vfhnzzex_wpftmp.GeneratedMSBuildEditorConfig.editorconfig
A	Drilling.UI/obj/Debug/net8.0-windows/Drilling.UI_vfhnzzex_wpftmp.GlobalUsings.g.cs
A	Drilling.UI/obj/Debug/net8.0-windows/Drilling.UI_vfhnzzex_wpftmp.assets.cache
A	Drilling.UI/obj/Debug/net8.0-windows/Drilling.UI_vhkn4vga_wpftmp.AssemblyInfo.cs
A	Drilling.UI/obj/Debug/net8.0-windows/Drilling.UI_vhkn4vga_wpftmp.AssemblyInfoInputs.cache
A	Drilling.UI/obj/Debug/net8.0-windows/Drilling.UI_vhkn4vga_wpftmp.GeneratedMSBuildEditorConfig.editorconfig
A	Drilling.UI/obj/Debug/net8.0-windows/Drilling.UI_vhkn4vga_wpftmp.GlobalUsings.g.cs
A	Drilling.UI/obj/Debug/net8.0-windows/Drilling.UI_vhkn4vga_wpftmp.assets.cache
A	Drilling.UI/obj/Debug/net8.0-windows/Drilling.UI_vs1q2s1t_wpftmp.AssemblyInfo.cs
A	Drilling.UI/obj/Debug/net8.0-windows/Drilling.UI_vs1q2s1t_wpftmp.AssemblyInfoInputs.cache
A	Drilling.UI/obj/Debug/net8.0-windows/Drilling.UI_vs1q2s1t_wpftmp.GeneratedMSBuildEditorConfig.editorconfig
A	Drilling.UI/obj/Debug/net8.0-windows/Drilling.UI_vs1q2s1t_wpftmp.GlobalUsings.g.cs
A	Drilling.UI/obj/Debug/net8.0-windows/Drilling.UI_vs1q2s1t_wpftmp.assets.cache
A	Drilling.UI/obj/Debug/net8.0-windows/Drilling.UI_w1n4arpx_wpftmp.AssemblyInfo.cs
A	Drilling.UI/obj/Debug/net8.0-windows/Drilling.UI_w1n4arpx_wpftmp.AssemblyInfoInputs.cache
A	Drilling.UI/obj/Debug/net8.0-windows/Drilling.UI_w1n4arpx_wpftmp.GeneratedMSBuildEditorConfig.editorconfig
A	Drilling.UI/obj/Debug/net8.0-windows/Drilling.UI_w1n4arpx_wpftmp.GlobalUsings.g.cs
A	Drilling.UI/obj/Debug/net8.0-windows/Drilling.UI_w1n4arpx_wpftmp.assets.cache
A	Drilling.UI/obj/Debug/net8.0-windows/Drilling.UI_wde4ambl_wpftmp.AssemblyInfo.cs
A	Drilling.UI/obj/Debug/net8.0-windows/Drilling.UI_wde4ambl_wpftmp.AssemblyInfoInputs.cache
A	Drilling.UI/obj/Debug/net8.0-windows/Drilling.UI_wde4ambl_wpftmp.GeneratedMSBuildEditorConfig.editorconfig
A	Drilling.UI/obj/Debug/net8.0-windows/Drilling.UI_wde4ambl_wpftmp.GlobalUsings.g.cs
A	Drilling.UI/obj/Debug/net8.0-windows/Drilling.UI_wde4ambl_wpftmp.assets.cache
A	Drilling.UI/obj/Debug/net8.0-windows/Drilling.UI_wzwkp3g3_wpftmp.AssemblyInfo.cs
A	Drilling.UI/obj/Debug/net8.0-windows/Drilling.UI_wzwkp3g3_wpftmp.AssemblyInfoInputs.cache
A	Drilling.UI/obj/Debug/net8.0-windows/Drilling.UI_wzwkp3g3_wpftmp.GeneratedMSBuildEditorConfig.editorconfig
A	Drilling.UI/obj/Debug/net8.0-windows/Drilling.UI_wzwkp3g3_wpftmp.GlobalUsings.g.cs
A	Drilling.UI/obj/Debug/net8.0-windows/Drilling.UI_wzwkp3g3_wpftmp.assets.cache
A	Drilling.UI/obj/Debug/net8.0-windows/Drilling.UI_x14lp3wa_wpftmp.AssemblyInfo.cs
A	Drilling.UI/obj/Debug/net8.0-windows/Drilling.UI_x14lp3wa_wpftmp.AssemblyInfoInputs.cache
A	Drilling.UI/obj/Debug/net8.0-windows/Drilling.UI_x14lp3wa_wpftmp.GeneratedMSBuildEditorConfig.editorconfig
A	Drilling.UI/obj/Debug/net8.0-windows/Drilling.UI_x14lp3wa_wpftmp.GlobalUsings.g.cs
A	Drilling.UI/obj/Debug/net8.0-windows/Drilling.UI_x14lp3wa_wpftmp.assets.cache
A	Drilling.UI/obj/Debug/net8.0-windows/Drilling.UI_xvhf5lyk_wpftmp.AssemblyInfo.cs
A	Drilling.UI/obj/Debug/net8.0-windows/Drilling.UI_xvhf5lyk_wpftmp.AssemblyInfoInputs.cache
A	Drilling.UI/obj/Debug/net8.0-windows/Drilling.UI_xvhf5lyk_wpftmp.GeneratedMSBuildEditorConfig.editorconfig
A	Drilling.UI/obj/Debug/net8.0-windows/Drilling.UI_xvhf5lyk_wpftmp.GlobalUsings.g.cs
A	Drilling.UI/obj/Debug/net8.0-windows/Drilling.UI_xvhf5lyk_wpftmp.assets.cache
A	Drilling.UI/obj/Debug/net8.0-windows/Drilling.UI_yd5cdj11_wpftmp.AssemblyInfo.cs
A	Drilling.UI/obj/Debug/net8.0-windows/Drilling.UI_yd5cdj11_wpftmp.AssemblyInfoInputs.cache
A	Drilling.UI/obj/Debug/net8.0-windows/Drilling.UI_yd5cdj11_wpftmp.GeneratedMSBuildEditorConfig.editorconfig
A	Drilling.UI/obj/Debug/net8.0-windows/Drilling.UI_yd5cdj11_wpftmp.GlobalUsings.g.cs
A	Drilling.UI/obj/Debug/net8.0-windows/Drilling.UI_yd5cdj11_wpftmp.assets.cache
A	Drilling.UI/obj/Debug/net8.0-windows/Drilling.UI_ytos4k1o_wpftmp.AssemblyInfo.cs
A	Drilling.UI/obj/Debug/net8.0-windows/Drilling.UI_ytos4k1o_wpftmp.AssemblyInfoInputs.cache
A	Drilling.UI/obj/Debug/net8.0-windows/Drilling.UI_ytos4k1o_wpftmp.GeneratedMSBuildEditorConfig.editorconfig
A	Drilling.UI/obj/Debug/net8.0-windows/Drilling.UI_ytos4k1o_wpftmp.GlobalUsings.g.cs
A	Drilling.UI/obj/Debug/net8.0-windows/Drilling.UI_ytos4k1o_wpftmp.assets.cache
A	Drilling.UI/obj/Debug/net8.0-windows/Drilling.UI_z00uakyy_wpftmp.AssemblyInfo.cs
A	Drilling.UI/obj/Debug/net8.0-windows/Drilling.UI_z00uakyy_wpftmp.AssemblyInfoInputs.cache
A	Drilling.UI/obj/Debug/net8.0-windows/Drilling.UI_z00uakyy_wpftmp.GeneratedMSBuildEditorConfig.editorconfig
A	Drilling.UI/obj/Debug/net8.0-windows/Drilling.UI_z00uakyy_wpftmp.GlobalUsings.g.cs
A	Drilling.UI/obj/Debug/net8.0-windows/Drilling.UI_z00uakyy_wpftmp.assets.cache
A	Drilling.UI/obj/Debug/net8.0-windows/Drilling.UI_zb2nrc0h_wpftmp.AssemblyInfo.cs
A	Drilling.UI/obj/Debug/net8.0-windows/Drilling.UI_zb2nrc0h_wpftmp.AssemblyInfoInputs.cache
A	Drilling.UI/obj/Debug/net8.0-windows/Drilling.UI_zb2nrc0h_wpftmp.GeneratedMSBuildEditorConfig.editorconfig
A	Drilling.UI/obj/Debug/net8.0-windows/Drilling.UI_zb2nrc0h_wpftmp.GlobalUsings.g.cs
A	Drilling.UI/obj/Debug/net8.0-windows/Drilling.UI_zb2nrc0h_wpftmp.assets.cache
A	Drilling.UI/obj/Debug/net8.0-windows/Drilling.UI_zranyngl_wpftmp.AssemblyInfo.cs
A	Drilling.UI/obj/Debug/net8.0-windows/Drilling.UI_zranyngl_wpftmp.AssemblyInfoInputs.cache
A	Drilling.UI/obj/Debug/net8.0-windows/Drilling.UI_zranyngl_wpftmp.GeneratedMSBuildEditorConfig.editorconfig
A	Drilling.UI/obj/Debug/net8.0-windows/Drilling.UI_zranyngl_wpftmp.GlobalUsings.g.cs
A	Drilling.UI/obj/Debug/net8.0-windows/Drilling.UI_zranyngl_wpftmp.assets.cache
A	Drilling.UI/obj/Debug/net8.0-windows/Drilling.UI_zranyngl_wpftmp.csproj.BuildWithSkipAnalyzers
M	Drilling.UI/obj/Debug/net8.0-windows/GeneratedInternalTypeHelper.g.i.cs
M	Drilling.UI/obj/Debug/net8.0-windows/Popup/CCellPlacementWizardDialog.g.cs
M	Drilling.UI/obj/Debug/net8.0-windows/Popup/CCellPlacementWizardDialog.g.i.cs
A	Drilling.UI/obj/Debug/net8.0-windows/Popup/CControllerResetSequenceDialog.baml
A	Drilling.UI/obj/Debug/net8.0-windows/Popup/CControllerResetSequenceDialog.g.cs
A	Drilling.UI/obj/Debug/net8.0-windows/Popup/CControllerResetSequenceDialog.g.i.cs
M	Drilling.UI/obj/Debug/net8.0-windows/Popup/CInterfaceStatusDialog.g.cs
M	Drilling.UI/obj/Debug/net8.0-windows/Popup/CInterfaceStatusDialog.g.i.cs
M	Drilling.UI/obj/Debug/net8.0-windows/Popup/CPasswordInputDialog.g.cs
M	Drilling.UI/obj/Debug/net8.0-windows/Popup/CPasswordInputDialog.g.i.cs
M	Drilling.UI/obj/Debug/net8.0-windows/Popup/CRecipeConfirmDialog.g.cs
M	Drilling.UI/obj/Debug/net8.0-windows/Popup/CRecipeConfirmDialog.g.i.cs
M	Drilling.UI/obj/Debug/net8.0-windows/Popup/CRecipeNameDialog.g.cs
M	Drilling.UI/obj/Debug/net8.0-windows/Popup/CRecipeNameDialog.g.i.cs
A	Drilling.UI/obj/Debug/net8.0-windows/Popup/CShiftOffsetDialog.baml
A	Drilling.UI/obj/Debug/net8.0-windows/Popup/CShiftOffsetDialog.g.cs
A	Drilling.UI/obj/Debug/net8.0-windows/Popup/CShiftOffsetDialog.g.i.cs
M	Drilling.UI/obj/Debug/net8.0-windows/Popup/CValueInputDialog.g.cs
M	Drilling.UI/obj/Debug/net8.0-windows/Popup/CValueInputDialog.g.i.cs
M	Drilling.UI/obj/Debug/net8.0-windows/Views/CAlarmView.g.cs
M	Drilling.UI/obj/Debug/net8.0-windows/Views/CAlarmView.g.i.cs
M	Drilling.UI/obj/Debug/net8.0-windows/Views/CCorrectionView.g.cs
M	Drilling.UI/obj/Debug/net8.0-windows/Views/CCorrectionView.g.i.cs
M	Drilling.UI/obj/Debug/net8.0-windows/Views/CExitView.g.cs
M	Drilling.UI/obj/Debug/net8.0-windows/Views/CExitView.g.i.cs
M	Drilling.UI/obj/Debug/net8.0-windows/Views/CMainView.baml
M	Drilling.UI/obj/Debug/net8.0-windows/Views/CMainView.g.cs
M	Drilling.UI/obj/Debug/net8.0-windows/Views/CMainView.g.i.cs
M	Drilling.UI/obj/Debug/net8.0-windows/Views/CManualView.baml
M	Drilling.UI/obj/Debug/net8.0-windows/Views/CManualView.g.cs
M	Drilling.UI/obj/Debug/net8.0-windows/Views/CManualView.g.i.cs
M	Drilling.UI/obj/Debug/net8.0-windows/Views/CMonitorView.g.cs
M	Drilling.UI/obj/Debug/net8.0-windows/Views/CMonitorView.g.i.cs
M	Drilling.UI/obj/Debug/net8.0-windows/Views/CPicoMotorMonitorView.g.cs
M	Drilling.UI/obj/Debug/net8.0-windows/Views/CPicoMotorMonitorView.g.i.cs
M	Drilling.UI/obj/Debug/net8.0-windows/Views/CPmView.g.cs
M	Drilling.UI/obj/Debug/net8.0-windows/Views/CPmView.g.i.cs
M	Drilling.UI/obj/Debug/net8.0-windows/Views/CRecipeView.g.cs
M	Drilling.UI/obj/Debug/net8.0-windows/Views/CRecipeView.g.i.cs
M	Drilling.UI/obj/Debug/net8.0-windows/Views/CReviewView.g.cs
M	Drilling.UI/obj/Debug/net8.0-windows/Views/CReviewView.g.i.cs
M	Drilling.UI/obj/Debug/net8.0-windows/Views/CSettingView.g.cs
M	Drilling.UI/obj/Debug/net8.0-windows/Views/CSettingView.g.i.cs
M	Drilling.UI/obj/Debug/net8.0-windows/apphost.exe
M	Drilling.UI/obj/Debug/net8.0-windows/ref/Drilling.UI.dll
M	Drilling.UI/obj/Debug/net8.0-windows/refint/Drilling.UI.dll
M	Drilling.UI/obj/Drilling.UI.csproj.nuget.dgspec.json
M	Drilling.UI/obj/Drilling.UI.csproj.nuget.g.props
A	Drilling.UI/obj/Drilling.UI_bn43yzyx_wpftmp.csproj.nuget.dgspec.json
A	Drilling.UI/obj/Drilling.UI_bn43yzyx_wpftmp.csproj.nuget.g.props
A	Drilling.UI/obj/Drilling.UI_bn43yzyx_wpftmp.csproj.nuget.g.targets
A	Drilling.UI/obj/Drilling.UI_rgjfg3ew_wpftmp.csproj.nuget.dgspec.json
A	Drilling.UI/obj/Drilling.UI_rgjfg3ew_wpftmp.csproj.nuget.g.props
A	Drilling.UI/obj/Drilling.UI_rgjfg3ew_wpftmp.csproj.nuget.g.targets
M	Drilling.UI/obj/project.assets.json
M	Drilling.UI/obj/project.nuget.cache
M	Drilling.sln
A	Log/Interface/MELSEC/20261001/Interface_MELSEC_20261001_Trace.txt
A	Log/ProgramOpen/ProgramOpen_20261001.log
A	Log/ProgramOpen/ProgramOpen_20261007.log
A	Log/Station/20261001/Station_20261001_Trace.txt
A	Log/UI/20261001/UI_20261001_Trace.txt
A	Log/UI/20261002/UI_20261002_Trace.txt
